FOOD_GROCERY,DRUGSTORES_PHARMACIES,APPAREL_ACCESSORIES,HOMEIMPROVEMENT_SUPPLY,GENERALRETAILSERVICES,HEALTHCARE,DEPARTMENTSTORES,RESTAURANTS,ELECTRONICS,GENERALRETAILGOODS,PROFESSIONALSERVICES,FUEL,TELECOM_UTILITIES,INSURANCE,QSR,ENTERTAINMENT,DISCOUNTSTORES,BUSINESSTOBUSINESS,_5262,TRAVELSERVICES,DIRECTMARKETING,AUTOMOTIVE,EDUCATION_GOVERNMENT,TRANSPORTATION,LODGING,AIRLINES,VEHICLERENTAL,_6540,WHOLESALECLUBS,_3301,_3069,_3832,APPAREL_ACCESSORIES_f,DEPARTMENTSTORES_f,DRUGSTORES_PHARMACIES_f,FOOD_GROCERY_f,GENERALRETAILSERVICES_f,HEALTHCARE_f,HOMEIMPROVEMENT_SUPPLY_f,ELECTRONICS_f,FUEL_f,GENERALRETAILGOODS_f,PROFESSIONALSERVICES_f,RESTAURANTS_f,TELECOM_UTILITIES_f,ENTERTAINMENT_f,INSURANCE_f,QSR_f,BUSINESSTOBUSINESS_f,DISCOUNTSTORES_f,_5262_f,TRAVELSERVICES_f,DIRECTMARKETING_f,AUTOMOTIVE_f,EDUCATION_GOVERNMENT_f,TRANSPORTATION_f,AIRLINES_f,LODGING_f,VEHICLERENTAL_f,_6540_f,WHOLESALECLUBS_f,_3301_f,_3069_f,_3832_f,FACE_TO_FACE,ECI,RECURRINGINSTALLMENT,MOTO,FACE_TO_FACE_f,ECI_f,RECURRINGINSTALLMENT_f,MOTO_f,DOM,INT,DOM_f,INT_f,FACE_TO_FACE_FOOD_GROCERY,FACE_TO_FACE_DRUGSTORES_PHARMACI,FACE_TO_FACE_APPAREL_ACCESSORIES,FACE_TO_FACE_HOMEIMPROVEMENT_SUP,FACE_TO_FACE_GENERALRETAILSERVIC,FACE_TO_FACE_HEALTHCARE,FACE_TO_FACE_DEPARTMENTSTORES,FACE_TO_FACE_RESTAURANTS,ECI_ELECTRONICS,FACE_TO_FACE_GENERALRETAILGOODS,FACE_TO_FACE_PROFESSIONALSERVICE,ECI_GENERALRETAILGOODS,FACE_TO_FACE_FUEL,ECI_TELECOM_UTILITIES,RECURRINGINSTALLMENT_INSURANCE,FACE_TO_FACE_QSR,FACE_TO_FACE_ENTERTAINMENT,FACE_TO_FACE_DISCOUNTSTORES,FACE_TO_FACE_BUSINESSTOBUSINESS,FACE_TO_FACE_TELECOM_UTILITIES,ECI_FOOD_GROCERY,ECI_5262,FACE_TO_FACE_TRAVELSERVICES,ECI_ENTERTAINMENT,ECI_DIRECTMARKETING,FACE_TO_FACE_AUTOMOTIVE,RECURRINGINSTALLMENT_PROFESSIONA,RECURRINGINSTALLMENT_TELECOM_UTI,ECI_DEPARTMENTSTORES,ECI_TRAVELSERVICES,ECI_DISCOUNTSTORES,ECI_GENERALRETAILSERVICES,FACE_TO_FACE_EDUCATION_GOVERNMEN,MOTO_DEPARTMENTSTORES,FACE_TO_FACE_ELECTRONICS,ECI_BUSINESSTOBUSINESS,ECI_TRANSPORTATION,ECI_PROFESSIONALSERVICES,RECURRINGINSTALLMENT_DEPARTMENTS,ECI_INSURANCE,FACE_TO_FACE_TRANSPORTATION,FACE_TO_FACE_LODGING,FACE_TO_FACE_AIRLINES,ECI_LODGING,ECI_APPAREL_ACCESSORIES,FACE_TO_FACE_VEHICLERENTAL,MOTO_ELECTRONICS,MOTO_INSURANCE,RECURRINGINSTALLMENT_GENERALRETA,MOTO_GENERALRETAILGOODS,ECI_AIRLINES,ECI_RESTAURANTS,ECI_QSR,MOTO_TRANSPORTATION,ECI_HEALTHCARE,ECI_HOMEIMPROVEMENT_SUPPLY,RECURRINGINSTALLMENT_DIRECTMARKE,MOTO_BUSINESSTOBUSINESS,RECURRINGINSTALLMENT_ELECTRONICS,ECI_AUTOMOTIVE,RECURRINGINSTALLMENT_ENTERTAINME,ECI_DRUGSTORES_PHARMACIES,FACE_TO_FACE_INSURANCE,MOTO_AIRLINES,MOTO_TELECOM_UTILITIES,RECURRINGINSTALLMENT_BUSINESSTOB,FACE_TO_FACE_6540,ECI_WHOLESALECLUBS,MOTO_LODGING,ECI_EDUCATION_GOVERNMENT,MOTO_ENTERTAINMENT,MOTO_DIRECTMARKETING,RECURRINGINSTALLMENT_EDUCATION_G,RECURRINGINSTALLMENT_DISCOUNTSTO,MOTO_TRAVELSERVICES,MOTO_FOOD_GROCERY,MOTO_DISCOUNTSTORES,RECURRINGINSTALLMENT_LODGING,RECURRINGINSTALLMENT_APPAREL_ACC,FACE_TO_FACE_WHOLESALECLUBS,MOTO_PROFESSIONALSERVICES,RECURRINGINSTALLMENT_FOOD_GROCER,ECI_VEHICLERENTAL,ECI_6540,RECURRINGINSTALLMENT_TRANSPORTAT,MOTO_VEHICLERENTAL,ECI_3301,FACE_TO_FACE_DIRECTMARKETING,MOTO_APPAREL_ACCESSORIES,RECURRINGINSTALLMENT_HEALTHCARE,MOTO_HEALTHCARE,MOTO_EDUCATION_GOVERNMENT,MOTO_QSR,MOTO_GENERALRETAILSERVICES,RECURRINGINSTALLMENT_AIRLINES,MOTO_DRUGSTORES_PHARMACIES,RECURRINGINSTALLMENT_TRAVELSERVI,RECURRINGINSTALLMENT_HOMEIMPROVE,FACE_TO_FACE_5262,ECI_FUEL,RECURRINGINSTALLMENT_RESTAURANTS,RECURRINGINSTALLMENT_VEHICLERENT,MOTO_RESTAURANTS,MOTO_HOMEIMPROVEMENT_SUPPLY,MOTO_AUTOMOTIVE,RECURRINGINSTALLMENT_QSR,RECURRINGINSTALLMENT_6540,RECURRINGINSTALLMENT_5262,RECURRINGINSTALLMENT_AUTOMOTIVE,RECURRINGINSTALLMENT_DRUGSTORES_,ECI_3069,MOTO_WHOLESALECLUBS,FACE_TO_FACE_3832,FACE_TO_FACE_3069,FACE_TO_FACE_f_APPAREL_ACCESSORI,FACE_TO_FACE_f_DEPARTMENTSTORES_,FACE_TO_FACE_f_DRUGSTORES_PHARMA,FACE_TO_FACE_f_FOOD_GROCERY_f,FACE_TO_FACE_f_GENERALRETAILSERV,FACE_TO_FACE_f_HEALTHCARE_f,FACE_TO_FACE_f_HOMEIMPROVEMENT_S,ECI_f_ELECTRONICS_f,ECI_f_GENERALRETAILGOODS_f,ECI_f_TELECOM_UTILITIES_f,FACE_TO_FACE_f_FUEL_f,FACE_TO_FACE_f_GENERALRETAILGOOD,FACE_TO_FACE_f_PROFESSIONALSERVI,FACE_TO_FACE_f_RESTAURANTS_f,FACE_TO_FACE_f_ENTERTAINMENT_f,FACE_TO_FACE_f_QSR_f,RECURRINGINSTALLMENT_f_INSURANCE,FACE_TO_FACE_f_BUSINESSTOBUSINES,FACE_TO_FACE_f_DISCOUNTSTORES_f,ECI_f_5262_f,ECI_f_FOOD_GROCERY_f,FACE_TO_FACE_f_TELECOM_UTILITIES,FACE_TO_FACE_f_TRAVELSERVICES_f,ECI_f_DIRECTMARKETING_f,ECI_f_ENTERTAINMENT_f,FACE_TO_FACE_f_AUTOMOTIVE_f,RECURRINGINSTALLMENT_f_PROFESSIO,RECURRINGINSTALLMENT_f_TELECOM_U,ECI_f_DEPARTMENTSTORES_f,ECI_f_DISCOUNTSTORES_f,ECI_f_GENERALRETAILSERVICES_f,ECI_f_TRAVELSERVICES_f,FACE_TO_FACE_f_EDUCATION_GOVERNM,MOTO_f_DEPARTMENTSTORES_f,FACE_TO_FACE_f_ELECTRONICS_f,ECI_f_BUSINESSTOBUSINESS_f,ECI_f_TRANSPORTATION_f,ECI_f_PROFESSIONALSERVICES_f,RECURRINGINSTALLMENT_f_DEPARTMEN,ECI_f_INSURANCE_f,FACE_TO_FACE_f_AIRLINES_f,FACE_TO_FACE_f_LODGING_f,FACE_TO_FACE_f_TRANSPORTATION_f,ECI_f_APPAREL_ACCESSORIES_f,ECI_f_LODGING_f,FACE_TO_FACE_f_VEHICLERENTAL_f,MOTO_f_ELECTRONICS_f,MOTO_f_INSURANCE_f,RECURRINGINSTALLMENT_f_GENERALRE,MOTO_f_GENERALRETAILGOODS_f,ECI_f_AIRLINES_f,ECI_f_RESTAURANTS_f,ECI_f_QSR_f,MOTO_f_TRANSPORTATION_f,ECI_f_HEALTHCARE_f,ECI_f_HOMEIMPROVEMENT_SUPPLY_f,RECURRINGINSTALLMENT_f_DIRECTMAR,MOTO_f_BUSINESSTOBUSINESS_f,RECURRINGINSTALLMENT_f_ELECTRONI,ECI_f_AUTOMOTIVE_f,RECURRINGINSTALLMENT_f_ENTERTAIN,ECI_f_DRUGSTORES_PHARMACIES_f,FACE_TO_FACE_f_INSURANCE_f,MOTO_f_AIRLINES_f,MOTO_f_TELECOM_UTILITIES_f,RECURRINGINSTALLMENT_f_BUSINESST,FACE_TO_FACE_f_6540_f,ECI_f_WHOLESALECLUBS_f,MOTO_f_LODGING_f,ECI_f_EDUCATION_GOVERNMENT_f,MOTO_f_ENTERTAINMENT_f,MOTO_f_DIRECTMARKETING_f,RECURRINGINSTALLMENT_f_EDUCATION,RECURRINGINSTALLMENT_f_DISCOUNTS,MOTO_f_TRAVELSERVICES_f,MOTO_f_FOOD_GROCERY_f,MOTO_f_DISCOUNTSTORES_f,RECURRINGINSTALLMENT_f_LODGING_f,RECURRINGINSTALLMENT_f_APPAREL_A,FACE_TO_FACE_f_WHOLESALECLUBS_f,MOTO_f_PROFESSIONALSERVICES_f,RECURRINGINSTALLMENT_f_FOOD_GROC,ECI_f_VEHICLERENTAL_f,ECI_f_6540_f,RECURRINGINSTALLMENT_f_TRANSPORT,MOTO_f_VEHICLERENTAL_f,ECI_f_3301_f,FACE_TO_FACE_f_DIRECTMARKETING_f,MOTO_f_APPAREL_ACCESSORIES_f,RECURRINGINSTALLMENT_f_HEALTHCAR,MOTO_f_HEALTHCARE_f,MOTO_f_EDUCATION_GOVERNMENT_f,MOTO_f_QSR_f,MOTO_f_GENERALRETAILSERVICES_f,RECURRINGINSTALLMENT_f_AIRLINES_,MOTO_f_DRUGSTORES_PHARMACIES_f,RECURRINGINSTALLMENT_f_TRAVELSER,RECURRINGINSTALLMENT_f_HOMEIMPRO,FACE_TO_FACE_f_5262_f,ECI_f_FUEL_f,RECURRINGINSTALLMENT_f_RESTAURAN,RECURRINGINSTALLMENT_f_VEHICLERE,MOTO_f_RESTAURANTS_f,MOTO_f_HOMEIMPROVEMENT_SUPPLY_f,MOTO_f_AUTOMOTIVE_f,RECURRINGINSTALLMENT_f_QSR_f,RECURRINGINSTALLMENT_f_6540_f,RECURRINGINSTALLMENT_f_5262_f,RECURRINGINSTALLMENT_f_AUTOMOTIV,RECURRINGINSTALLMENT_f_DRUGSTORE,ECI_f_3069_f,MOTO_f_WHOLESALECLUBS_f,FACE_TO_FACE_f_3832_f,FACE_TO_FACE_f_3069_f,DOM_FOOD_GROCERY,DOM_DRUGSTORES_PHARMACIES,DOM_APPAREL_ACCESSORIES,DOM_HOMEIMPROVEMENT_SUPPLY,DOM_GENERALRETAILSERVICES,DOM_HEALTHCARE,DOM_DEPARTMENTSTORES,DOM_RESTAURANTS,DOM_ELECTRONICS,DOM_GENERALRETAILGOODS,DOM_PROFESSIONALSERVICES,INT_GENERALRETAILGOODS,DOM_FUEL,DOM_TELECOM_UTILITIES,DOM_INSURANCE,DOM_QSR,DOM_ENTERTAINMENT,DOM_DISCOUNTSTORES,DOM_BUSINESSTOBUSINESS,DOM_5262,DOM_TRAVELSERVICES,INT_DIRECTMARKETING,INT_APPAREL_ACCESSORIES,DOM_AUTOMOTIVE,DOM_EDUCATION_GOVERNMENT,INT_TRAVELSERVICES,INT_DRUGSTORES_PHARMACIES,INT_BUSINESSTOBUSINESS,DOM_TRANSPORTATION,INT_PROFESSIONALSERVICES,INT_ENTERTAINMENT,INT_TRANSPORTATION,INT_LODGING,INT_AIRLINES,DOM_VEHICLERENTAL,DOM_LODGING,INT_ELECTRONICS,INT_DEPARTMENTSTORES,INT_DISCOUNTSTORES,DOM_DIRECTMARKETING,DOM_AIRLINES,INT_FOOD_GROCERY,INT_GENERALRETAILSERVICES,INT_RESTAURANTS,INT_QSR,INT_TELECOM_UTILITIES,INT_AUTOMOTIVE,INT_6540,DOM_WHOLESALECLUBS,INT_HOMEIMPROVEMENT_SUPPLY,INT_WHOLESALECLUBS,INT_HEALTHCARE,INT_EDUCATION_GOVERNMENT,INT_VEHICLERENTAL,INT_FUEL,INT_INSURANCE,INT_3301,INT_5262,INT_3069,INT_3832,DOM_f_APPAREL_ACCESSORIES_f,DOM_f_DEPARTMENTSTORES_f,DOM_f_DRUGSTORES_PHARMACIES_f,DOM_f_FOOD_GROCERY_f,DOM_f_GENERALRETAILSERVICES_f,DOM_f_HEALTHCARE_f,DOM_f_HOMEIMPROVEMENT_SUPPLY_f,DOM_f_ELECTRONICS_f,DOM_f_FUEL_f,DOM_f_GENERALRETAILGOODS_f,DOM_f_PROFESSIONALSERVICES_f,DOM_f_RESTAURANTS_f,DOM_f_TELECOM_UTILITIES_f,INT_f_GENERALRETAILGOODS_f,DOM_f_ENTERTAINMENT_f,DOM_f_INSURANCE_f,DOM_f_QSR_f,DOM_f_BUSINESSTOBUSINESS_f,DOM_f_DISCOUNTSTORES_f,DOM_f_5262_f,DOM_f_TRAVELSERVICES_f,INT_f_APPAREL_ACCESSORIES_f,INT_f_DIRECTMARKETING_f,DOM_f_AUTOMOTIVE_f,DOM_f_EDUCATION_GOVERNMENT_f,INT_f_BUSINESSTOBUSINESS_f,INT_f_DRUGSTORES_PHARMACIES_f,INT_f_TRAVELSERVICES_f,DOM_f_TRANSPORTATION_f,INT_f_ENTERTAINMENT_f,INT_f_PROFESSIONALSERVICES_f,INT_f_AIRLINES_f,INT_f_LODGING_f,INT_f_TRANSPORTATION_f,DOM_f_VEHICLERENTAL_f,DOM_f_LODGING_f,INT_f_DEPARTMENTSTORES_f,INT_f_DISCOUNTSTORES_f,INT_f_ELECTRONICS_f,DOM_f_DIRECTMARKETING_f,DOM_f_AIRLINES_f,INT_f_FOOD_GROCERY_f,INT_f_GENERALRETAILSERVICES_f,INT_f_RESTAURANTS_f,INT_f_QSR_f,INT_f_TELECOM_UTILITIES_f,INT_f_AUTOMOTIVE_f,INT_f_6540_f,DOM_f_WHOLESALECLUBS_f,INT_f_HOMEIMPROVEMENT_SUPPLY_f,INT_f_WHOLESALECLUBS_f,INT_f_HEALTHCARE_f,INT_f_EDUCATION_GOVERNMENT_f,INT_f_FUEL_f,INT_f_VEHICLERENTAL_f,INT_f_INSURANCE_f,INT_f_3301_f,INT_f_5262_f,INT_f_3069_f,INT_f_3832_f,DOM_FACE_TO_FACE,DOM_ECI,INT_ECI,DOM_RECURRINGINSTALLMENT,INT_FACE_TO_FACE,DOM_MOTO,INT_MOTO,INT_RECURRINGINSTALLMENT,DOM_f_FACE_TO_FACE_f,DOM_f_ECI_f,INT_f_ECI_f,DOM_f_RECURRINGINSTALLMENT_f,INT_f_FACE_TO_FACE_f,DOM_f_MOTO_f,INT_f_MOTO_f,INT_f_RECURRINGINSTALLMENT_f,Weekday,Weekend,cluster,cardno
0.0,0.0,81.07,69.02,21.17,0.0,0.0,0.0,0.0,0.0,0.0,0.0,85.21,0.0,0.0,0.0,0.0,0.0,0.0,0.0,0.0,48.51,0.0,0.0,0.0,0.0,0.0,0,0,0,0,0,2,0,0,0,1,0,1,0,0,0,0,0,1,0,0,0,0,0,0,0,0,1,0,0,0,0,0,0,0,0,0,0,48.51,0.0,0.0,0.0,6,0,0,0,48.51,0.0,6,0,0.0,0.0,81.07,69.02,21.17,0.0,0.0,0.0,0.0,0.0,0.0,0.0,0.0,0.0,0.0,0.0,0.0,0.0,0.0,85.21,0.0,0.0,0.0,0.0,0.0,48.51,0.0,0.0,0.0,0.0,0.0,0.0,0.0,0.0,0.0,0.0,0.0,0.0,0.0,0.0,0.0,0.0,0.0,0.0,0.0,0.0,0.0,0.0,0.0,0.0,0.0,0.0,0,0,0,0,0,0,0,0,0,0,0,0,0,0,0,0,0,0,0,0,0,0,0,0,0,0,0,0,0,0,0,0,0,0,0,0,0,0,0,0,0,0,0,0,0,0,0,0,0,0,0,0,0,0,0,0,0,0,0,0,0,0,2,0,0,0,1,0,1,0,0,0,0,0,0,0,0,0,0,0,0,0,0,1,0,0,0,1,0,0,0,0,0,0,0,0,0,0,0,0,0,0,0,0,0,0,0,0,0,0,0,0,0,0,0,0,0,0,0,0,0,0,0,0,0,0,0,0,0,0,0,0,0,0,0,0,0,0,0,0,0,0,0,0,0,0,0,0,0,0,0,0,0,0,0,0,0,0,0,0,0,0,0,0,0,0,0,0,0,0,0,0,0,0,0,0,0.0,0.0,81.07,69.02,21.17,0.0,0.0,0.0,0.0,0.0,0.0,0.0,0.0,85.21,0.0,0.0,0.0,0.0,0.0,0.0,0.0,0.0,0.0,48.51,0.0,0.0,0.0,0.0,0.0,0.0,0.0,0.0,0.0,0.0,0.0,0.0,0.0,0.0,0.0,0.0,0.0,0.0,0,0,0,0,0,0,0,0,0,0,0,0,0,0,0,0,0,0,2,0,0,0,1,0,1,0,0,0,0,0,1,0,0,0,0,0,0,0,0,0,0,1,0,0,0,0,0,0,0,0,0,0,0,0,0,0,0,0,0,0,0,0,0,0,0,0,0,0,0,0,0,0,0,0,0,0,0,0,48.51,0.0,0.0,0.0,0.0,0.0,0.0,0,6,0,0,0,0,0,0,0,6,0,1,7
0.0,0.0,0.0,0.0,0.0,0.0,0.0,0.0,0.0,0.0,10.54,0.0,43.04,0.0,0.0,0.0,0.0,0.0,0.0,0.0,0.0,0.0,0.0,0.0,0.0,0.0,0.0,0,0,0,0,0,0,0,0,0,0,0,0,0,0,0,12,0,22,0,0,0,0,0,0,0,0,0,0,0,0,0,0,0,0,0,0,0,0.0,0.0,43.04,0.0,0,0,34,0,43.04,0.0,34,0,0.0,0.0,0.0,0.0,0.0,0.0,0.0,0.0,0.0,0.0,0.0,0.0,0.0,0.0,0.0,0.0,0.0,0.0,0.0,0.0,0.0,0.0,0.0,0.0,0.0,0.0,10.54,43.04,0.0,0.0,0.0,0.0,0.0,0.0,0.0,0.0,0.0,0.0,0.0,0.0,0.0,0.0,0.0,0.0,0.0,0.0,0.0,0.0,0.0,0.0,0.0,0.0,0,0,0,0,0,0,0,0,0,0,0,0,0,0,0,0,0,0,0,0,0,0,0,0,0,0,0,0,0,0,0,0,0,0,0,0,0,0,0,0,0,0,0,0,0,0,0,0,0,0,0,0,0,0,0,0,0,0,0,0,0,0,0,0,0,0,0,0,0,0,0,0,0,0,0,0,0,0,0,0,0,0,0,0,0,0,0,0,12,22,0,0,0,0,0,0,0,0,0,0,0,0,0,0,0,0,0,0,0,0,0,0,0,0,0,0,0,0,0,0,0,0,0,0,0,0,0,0,0,0,0,0,0,0,0,0,0,0,0,0,0,0,0,0,0,0,0,0,0,0,0,0,0,0,0,0,0,0,0,0,0,0,0,0,0,0,0,0,0,0,0,0,0,0,0,0,0.0,0.0,0.0,0.0,0.0,0.0,0.0,0.0,0.0,0.0,10.54,0.0,0.0,43.04,0.0,0.0,0.0,0.0,0.0,0.0,0.0,0.0,0.0,0.0,0.0,0.0,0.0,0.0,0.0,0.0,0.0,0.0,0.0,0.0,0.0,0.0,0.0,0.0,0.0,0.0,0.0,0.0,0,0,0,0,0,0,0,0,0,0,0,0,0,0,0,0,0,0,0,0,0,0,0,0,0,0,0,0,12,0,22,0,0,0,0,0,0,0,0,0,0,0,0,0,0,0,0,0,0,0,0,0,0,0,0,0,0,0,0,0,0,0,0,0,0,0,0,0,0,0,0,0,0,0,0,0,0,0,0.0,0.0,0.0,43.04,0.0,0.0,0.0,0,0,0,0,34,0,0,0,0,34,0,1,8
154.7,0.0,0.0,89.76,0.0,0.0,0.0,0.0,0.0,205.11,0.0,0.0,308.99,0.0,0.0,0.0,0.0,0.0,0.0,0.0,0.0,0.0,0.0,0.0,0.0,0.0,0.0,0,0,0,0,0,0,0,0,9,0,0,1,0,0,1,0,0,3,0,0,0,0,0,0,0,0,0,0,0,0,0,0,0,0,0,0,0,308.99,0.0,0.0,0.0,14,0,0,0,308.99,0.0,14,0,154.7,0.0,0.0,89.76,0.0,0.0,0.0,0.0,0.0,205.11,0.0,0.0,0.0,0.0,0.0,0.0,0.0,0.0,0.0,308.99,0.0,0.0,0.0,0.0,0.0,0.0,0.0,0.0,0.0,0.0,0.0,0.0,0.0,0.0,0.0,0.0,0.0,0.0,0.0,0.0,0.0,0.0,0.0,0.0,0.0,0.0,0.0,0.0,0.0,0.0,0.0,0.0,0,0,0,0,0,0,0,0,0,0,0,0,0,0,0,0,0,0,0,0,0,0,0,0,0,0,0,0,0,0,0,0,0,0,0,0,0,0,0,0,0,0,0,0,0,0,0,0,0,0,0,0,0,0,0,0,0,0,0,0,0,0,0,0,0,9,0,0,1,0,0,0,0,1,0,0,0,0,0,0,0,0,0,3,0,0,0,0,0,0,0,0,0,0,0,0,0,0,0,0,0,0,0,0,0,0,0,0,0,0,0,0,0,0,0,0,0,0,0,0,0,0,0,0,0,0,0,0,0,0,0,0,0,0,0,0,0,0,0,0,0,0,0,0,0,0,0,0,0,0,0,0,0,0,0,0,0,0,0,0,0,0,0,0,0,0,0,0,0,0,0,0,0,0,0,0,154.7,0.0,0.0,89.76,0.0,0.0,0.0,0.0,0.0,205.11,0.0,0.0,0.0,308.99,0.0,0.0,0.0,0.0,0.0,0.0,0.0,0.0,0.0,0.0,0.0,0.0,0.0,0.0,0.0,0.0,0.0,0.0,0.0,0.0,0.0,0.0,0.0,0.0,0.0,0.0,0.0,0.0,0,0,0,0,0,0,0,0,0,0,0,0,0,0,0,0,0,0,0,0,0,9,0,0,1,0,0,1,0,0,3,0,0,0,0,0,0,0,0,0,0,0,0,0,0,0,0,0,0,0,0,0,0,0,0,0,0,0,0,0,0,0,0,0,0,0,0,0,0,0,0,0,0,0,0,0,0,0,308.99,0.0,0.0,0.0,0.0,0.0,0.0,0,14,0,0,0,0,0,0,0,12,2,1,9
14.72,0.0,0.0,0.0,0.0,0.0,6.0,0.0,0.0,0.0,0.0,0.0,0.0,0.0,0.0,0.0,0.0,0.0,0.0,0.0,0.0,0.0,0.0,0.0,0.0,0.0,0.0,0,0,0,0,0,0,2,0,16,0,0,0,0,0,0,0,0,0,0,0,0,0,0,0,0,0,0,0,0,0,0,0,0,0,0,0,0,0.0,6.0,0.0,0.0,0,18,0,0,6.0,0.0,18,0,0.0,0.0,0.0,0.0,0.0,0.0,0.0,0.0,0.0,0.0,0.0,0.0,0.0,0.0,0.0,0.0,0.0,0.0,0.0,0.0,14.72,0.0,0.0,0.0,0.0,0.0,0.0,0.0,6.0,0.0,0.0,0.0,0.0,0.0,0.0,0.0,0.0,0.0,0.0,0.0,0.0,0.0,0.0,0.0,0.0,0.0,0.0,0.0,0.0,0.0,0.0,0.0,0,0,0,0,0,0,0,0,0,0,0,0,0,0,0,0,0,0,0,0,0,0,0,0,0,0,0,0,0,0,0,0,0,0,0,0,0,0,0,0,0,0,0,0,0,0,0,0,0,0,0,0,0,0,0,0,0,0,0,0,0,0,0,0,0,0,0,0,0,0,0,0,0,0,0,0,0,0,0,0,0,0,16,0,0,0,0,0,0,0,2,0,0,0,0,0,0,0,0,0,0,0,0,0,0,0,0,0,0,0,0,0,0,0,0,0,0,0,0,0,0,0,0,0,0,0,0,0,0,0,0,0,0,0,0,0,0,0,0,0,0,0,0,0,0,0,0,0,0,0,0,0,0,0,0,0,0,0,0,0,0,0,0,0,0,0,0,0,0,0,0,0,0,0,0,0,14.72,0.0,0.0,0.0,0.0,0.0,6.0,0.0,0.0,0.0,0.0,0.0,0.0,0.0,0.0,0.0,0.0,0.0,0.0,0.0,0.0,0.0,0.0,0.0,0.0,0.0,0.0,0.0,0.0,0.0,0.0,0.0,0.0,0.0,0.0,0.0,0.0,0.0,0.0,0.0,0.0,0.0,0,0,0,0,0,0,0,0,0,0,0,0,0,0,0,0,0,0,0,2,0,16,0,0,0,0,0,0,0,0,0,0,0,0,0,0,0,0,0,0,0,0,0,0,0,0,0,0,0,0,0,0,0,0,0,0,0,0,0,0,0,0,0,0,0,0,0,0,0,0,0,0,0,0,0,0,0,0,0.0,6.0,0.0,0.0,0.0,0.0,0.0,0,0,18,0,0,0,0,0,0,14,4,1,14
58.83,0.0,23.28,20.62,0.0,0.0,41.7,0.0,0.0,0.0,0.0,0.0,56.44,0.0,0.0,0.0,0.0,0.0,0.0,0.0,0.0,0.0,0.0,0.0,0.0,0.0,0.0,0,0,0,0,0,4,1,0,7,0,0,1,0,0,0,0,0,1,0,0,0,0,0,0,0,0,0,0,0,0,0,0,0,0,0,0,0,41.7,0.0,0.0,0.0,14,0,0,0,41.7,0.0,14,0,58.83,0.0,23.28,20.62,0.0,0.0,41.7,0.0,0.0,0.0,0.0,0.0,0.0,0.0,0.0,0.0,0.0,0.0,0.0,56.44,0.0,0.0,0.0,0.0,0.0,0.0,0.0,0.0,0.0,0.0,0.0,0.0,0.0,0.0,0.0,0.0,0.0,0.0,0.0,0.0,0.0,0.0,0.0,0.0,0.0,0.0,0.0,0.0,0.0,0.0,0.0,0.0,0,0,0,0,0,0,0,0,0,0,0,0,0,0,0,0,0,0,0,0,0,0,0,0,0,0,0,0,0,0,0,0,0,0,0,0,0,0,0,0,0,0,0,0,0,0,0,0,0,0,0,0,0,0,0,0,0,0,0,0,0,0,4,1,0,7,0,0,1,0,0,0,0,0,0,0,0,0,0,0,0,0,0,1,0,0,0,0,0,0,0,0,0,0,0,0,0,0,0,0,0,0,0,0,0,0,0,0,0,0,0,0,0,0,0,0,0,0,0,0,0,0,0,0,0,0,0,0,0,0,0,0,0,0,0,0,0,0,0,0,0,0,0,0,0,0,0,0,0,0,0,0,0,0,0,0,0,0,0,0,0,0,0,0,0,0,0,0,0,0,0,0,0,0,0,0,58.83,0.0,23.28,20.62,0.0,0.0,41.7,0.0,0.0,0.0,0.0,0.0,0.0,56.44,0.0,0.0,0.0,0.0,0.0,0.0,0.0,0.0,0.0,0.0,0.0,0.0,0.0,0.0,0.0,0.0,0.0,0.0,0.0,0.0,0.0,0.0,0.0,0.0,0.0,0.0,0.0,0.0,0,0,0,0,0,0,0,0,0,0,0,0,0,0,0,0,0,0,4,1,0,7,0,0,1,0,0,0,0,0,1,0,0,0,0,0,0,0,0,0,0,0,0,0,0,0,0,0,0,0,0,0,0,0,0,0,0,0,0,0,0,0,0,0,0,0,0,0,0,0,0,0,0,0,0,0,0,0,41.7,0.0,0.0,0.0,0.0,0.0,0.0,0,14,0,0,0,0,0,0,0,11,3,1,15
2.35,0.0,56.23,107.17,0.0,67.44,11.12,30.49,107.3,108.58,0.0,0.0,0.0,0.0,9.01,0.0,0.0,109.77,0.0,0.0,0.0,0.0,0.0,0.0,0.0,0.0,0.0,0,0,0,0,0,7,2,0,14,0,1,2,1,0,1,0,1,0,0,0,5,1,0,0,0,0,0,0,0,0,0,0,0,0,0,0,0,107.3,8.84,0.0,0.0,33,2,0,0,107.3,0.0,35,0,2.35,0.0,56.23,107.17,0.0,67.44,11.12,30.49,0.0,108.58,0.0,0.0,0.0,0.0,0.0,9.01,0.0,0.0,109.77,0.0,8.84,0.0,0.0,0.0,0.0,0.0,0.0,0.0,0.0,0.0,0.0,0.0,0.0,0.0,107.3,0.0,0.0,0.0,0.0,0.0,0.0,0.0,0.0,0.0,0.0,0.0,0.0,0.0,0.0,0.0,0.0,0.0,0,0,0,0,0,0,0,0,0,0,0,0,0,0,0,0,0,0,0,0,0,0,0,0,0,0,0,0,0,0,0,0,0,0,0,0,0,0,0,0,0,0,0,0,0,0,0,0,0,0,0,0,0,0,0,0,0,0,0,0,0,0,7,2,0,12,0,1,2,0,0,0,0,1,0,1,0,5,0,1,0,0,2,0,0,0,0,0,0,0,0,0,0,0,0,0,1,0,0,0,0,0,0,0,0,0,0,0,0,0,0,0,0,0,0,0,0,0,0,0,0,0,0,0,0,0,0,0,0,0,0,0,0,0,0,0,0,0,0,0,0,0,0,0,0,0,0,0,0,0,0,0,0,0,0,0,0,0,0,0,0,0,0,0,0,0,0,0,0,0,0,0,0,0,0,0,2.35,0.0,56.23,107.17,0.0,67.44,11.12,30.49,107.3,108.58,0.0,0.0,0.0,0.0,0.0,9.01,0.0,0.0,109.77,0.0,0.0,0.0,0.0,0.0,0.0,0.0,0.0,0.0,0.0,0.0,0.0,0.0,0.0,0.0,0.0,0.0,0.0,0.0,0.0,0.0,0.0,0.0,0,0,0,0,0,0,0,0,0,0,0,0,0,0,0,0,0,0,7,2,0,14,0,1,2,1,0,1,0,1,0,0,0,0,5,1,0,0,0,0,0,0,0,0,0,0,0,0,0,0,0,0,0,0,0,0,0,0,0,0,0,0,0,0,0,0,0,0,0,0,0,0,0,0,0,0,0,0,107.3,8.84,0.0,0.0,0.0,0.0,0.0,0,33,2,0,0,0,0,0,0,27,8,1,19
38.19,0.0,9.21,0.0,0.0,0.0,43.06,0.0,0.0,0.0,0.0,0.0,35.56,0.0,7.44,0.0,0.0,0.0,0.0,0.0,0.0,0.0,0.0,0.0,0.0,0.0,0.0,0,0,0,0,0,1,2,0,1,0,0,0,0,0,0,0,0,2,0,0,1,0,0,0,0,0,0,0,0,0,0,0,0,0,0,0,0,35.56,0.0,0.0,0.0,7,0,0,0,35.56,0.0,7,0,38.19,0.0,9.21,0.0,0.0,0.0,43.06,0.0,0.0,0.0,0.0,0.0,0.0,0.0,0.0,7.44,0.0,0.0,0.0,35.56,0.0,0.0,0.0,0.0,0.0,0.0,0.0,0.0,0.0,0.0,0.0,0.0,0.0,0.0,0.0,0.0,0.0,0.0,0.0,0.0,0.0,0.0,0.0,0.0,0.0,0.0,0.0,0.0,0.0,0.0,0.0,0.0,0,0,0,0,0,0,0,0,0,0,0,0,0,0,0,0,0,0,0,0,0,0,0,0,0,0,0,0,0,0,0,0,0,0,0,0,0,0,0,0,0,0,0,0,0,0,0,0,0,0,0,0,0,0,0,0,0,0,0,0,0,0,1,2,0,1,0,0,0,0,0,0,0,0,0,0,0,1,0,0,0,0,0,2,0,0,0,0,0,0,0,0,0,0,0,0,0,0,0,0,0,0,0,0,0,0,0,0,0,0,0,0,0,0,0,0,0,0,0,0,0,0,0,0,0,0,0,0,0,0,0,0,0,0,0,0,0,0,0,0,0,0,0,0,0,0,0,0,0,0,0,0,0,0,0,0,0,0,0,0,0,0,0,0,0,0,0,0,0,0,0,0,0,0,0,0,38.19,0.0,9.21,0.0,0.0,0.0,43.06,0.0,0.0,0.0,0.0,0.0,0.0,35.56,0.0,7.44,0.0,0.0,0.0,0.0,0.0,0.0,0.0,0.0,0.0,0.0,0.0,0.0,0.0,0.0,0.0,0.0,0.0,0.0,0.0,0.0,0.0,0.0,0.0,0.0,0.0,0.0,0,0,0,0,0,0,0,0,0,0,0,0,0,0,0,0,0,0,1,2,0,1,0,0,0,0,0,0,0,0,2,0,0,0,1,0,0,0,0,0,0,0,0,0,0,0,0,0,0,0,0,0,0,0,0,0,0,0,0,0,0,0,0,0,0,0,0,0,0,0,0,0,0,0,0,0,0,0,35.56,0.0,0.0,0.0,0.0,0.0,0.0,0,7,0,0,0,0,0,0,0,6,1,1,22
0.0,0.0,0.0,0.0,0.0,0.0,0.0,0.0,0.0,0.0,17.14,0.0,0.0,0.0,0.0,18.2,0.0,0.0,0.0,0.0,0.0,0.0,0.0,0.0,0.0,0.0,0.0,0,0,0,0,0,0,0,0,0,0,0,0,0,0,0,1,0,0,1,0,0,0,0,0,0,0,0,0,0,0,0,0,0,0,0,0,0,0.0,18.2,0.0,0.0,0,2,0,0,0.0,18.2,0,2,0.0,0.0,0.0,0.0,0.0,0.0,0.0,0.0,0.0,0.0,0.0,0.0,0.0,0.0,0.0,0.0,0.0,0.0,0.0,0.0,0.0,0.0,0.0,18.2,0.0,0.0,0.0,0.0,0.0,0.0,0.0,0.0,0.0,0.0,0.0,0.0,0.0,17.14,0.0,0.0,0.0,0.0,0.0,0.0,0.0,0.0,0.0,0.0,0.0,0.0,0.0,0.0,0,0,0,0,0,0,0,0,0,0,0,0,0,0,0,0,0,0,0,0,0,0,0,0,0,0,0,0,0,0,0,0,0,0,0,0,0,0,0,0,0,0,0,0,0,0,0,0,0,0,0,0,0,0,0,0,0,0,0,0,0,0,0,0,0,0,0,0,0,0,0,0,0,0,0,0,0,0,0,0,0,0,0,0,0,0,1,0,0,0,0,0,0,0,0,0,0,0,0,1,0,0,0,0,0,0,0,0,0,0,0,0,0,0,0,0,0,0,0,0,0,0,0,0,0,0,0,0,0,0,0,0,0,0,0,0,0,0,0,0,0,0,0,0,0,0,0,0,0,0,0,0,0,0,0,0,0,0,0,0,0,0,0,0,0,0,0,0,0,0,0,0,0,0,0,0,0.0,0.0,0.0,0.0,0.0,0.0,0.0,0.0,0.0,0.0,0.0,0.0,0.0,0.0,0.0,0.0,0.0,0.0,0.0,0.0,0.0,0.0,0.0,0.0,0.0,0.0,0.0,0.0,0.0,17.14,18.2,0.0,0.0,0.0,0.0,0.0,0.0,0.0,0.0,0.0,0.0,0.0,0,0,0,0,0,0,0,0,0,0,0,0,0,0,0,0,0,0,0,0,0,0,0,0,0,0,0,0,0,0,0,0,0,0,0,0,0,0,0,0,0,0,0,0,0,0,0,1,1,0,0,0,0,0,0,0,0,0,0,0,0,0,0,0,0,0,0,0,0,0,0,0,0,0,0,0,0,0,0.0,0.0,18.2,0.0,0.0,0.0,0.0,0,0,0,2,0,0,0,0,0,0,2,0,31
6.11,0.0,20.83,0.0,0.0,0.0,10.65,0.0,0.0,0.0,0.0,0.0,0.0,0.0,0.0,0.0,0.0,0.0,0.0,0.0,0.0,0.0,0.0,0.0,0.0,0.0,0.0,0,0,0,0,0,1,3,0,12,0,0,0,0,0,0,0,0,0,0,0,0,0,0,0,0,0,0,0,0,0,0,0,0,0,0,0,0,6.11,0.0,0.0,0.0,16,0,0,0,6.11,0.0,16,0,6.11,0.0,20.83,0.0,0.0,0.0,10.65,0.0,0.0,0.0,0.0,0.0,0.0,0.0,0.0,0.0,0.0,0.0,0.0,0.0,0.0,0.0,0.0,0.0,0.0,0.0,0.0,0.0,0.0,0.0,0.0,0.0,0.0,0.0,0.0,0.0,0.0,0.0,0.0,0.0,0.0,0.0,0.0,0.0,0.0,0.0,0.0,0.0,0.0,0.0,0.0,0.0,0,0,0,0,0,0,0,0,0,0,0,0,0,0,0,0,0,0,0,0,0,0,0,0,0,0,0,0,0,0,0,0,0,0,0,0,0,0,0,0,0,0,0,0,0,0,0,0,0,0,0,0,0,0,0,0,0,0,0,0,0,0,1,3,0,12,0,0,0,0,0,0,0,0,0,0,0,0,0,0,0,0,0,0,0,0,0,0,0,0,0,0,0,0,0,0,0,0,0,0,0,0,0,0,0,0,0,0,0,0,0,0,0,0,0,0,0,0,0,0,0,0,0,0,0,0,0,0,0,0,0,0,0,0,0,0,0,0,0,0,0,0,0,0,0,0,0,0,0,0,0,0,0,0,0,0,0,0,0,0,0,0,0,0,0,0,0,0,0,0,0,0,0,0,0,0,6.11,0.0,20.83,0.0,0.0,0.0,10.65,0.0,0.0,0.0,0.0,0.0,0.0,0.0,0.0,0.0,0.0,0.0,0.0,0.0,0.0,0.0,0.0,0.0,0.0,0.0,0.0,0.0,0.0,0.0,0.0,0.0,0.0,0.0,0.0,0.0,0.0,0.0,0.0,0.0,0.0,0.0,0,0,0,0,0,0,0,0,0,0,0,0,0,0,0,0,0,0,1,3,0,12,0,0,0,0,0,0,0,0,0,0,0,0,0,0,0,0,0,0,0,0,0,0,0,0,0,0,0,0,0,0,0,0,0,0,0,0,0,0,0,0,0,0,0,0,0,0,0,0,0,0,0,0,0,0,0,0,6.11,0.0,0.0,0.0,0.0,0.0,0.0,0,16,0,0,0,0,0,0,0,15,1,1,34
0.0,40.95,0.0,0.0,0.0,41.45,0.0,0.0,0.0,0.0,0.0,0.0,0.0,0.0,0.0,0.0,0.0,0.0,0.0,0.0,0.0,39.49,0.0,0.0,0.0,0.0,0.0,0,0,0,0,0,0,0,1,0,0,1,0,0,0,0,0,0,0,0,0,0,0,0,0,0,0,2,0,0,0,0,0,0,0,0,0,0,40.95,0.0,0.0,0.0,4,0,0,0,40.95,0.0,4,0,0.0,40.95,0.0,0.0,0.0,41.45,0.0,0.0,0.0,0.0,0.0,0.0,0.0,0.0,0.0,0.0,0.0,0.0,0.0,0.0,0.0,0.0,0.0,0.0,0.0,39.49,0.0,0.0,0.0,0.0,0.0,0.0,0.0,0.0,0.0,0.0,0.0,0.0,0.0,0.0,0.0,0.0,0.0,0.0,0.0,0.0,0.0,0.0,0.0,0.0,0.0,0.0,0,0,0,0,0,0,0,0,0,0,0,0,0,0,0,0,0,0,0,0,0,0,0,0,0,0,0,0,0,0,0,0,0,0,0,0,0,0,0,0,0,0,0,0,0,0,0,0,0,0,0,0,0,0,0,0,0,0,0,0,0,0,0,0,1,0,0,1,0,0,0,0,0,0,0,0,0,0,0,0,0,0,0,0,0,0,0,2,0,0,0,0,0,0,0,0,0,0,0,0,0,0,0,0,0,0,0,0,0,0,0,0,0,0,0,0,0,0,0,0,0,0,0,0,0,0,0,0,0,0,0,0,0,0,0,0,0,0,0,0,0,0,0,0,0,0,0,0,0,0,0,0,0,0,0,0,0,0,0,0,0,0,0,0,0,0,0,0,0,0,0,0,0,0,0,0,0.0,40.95,0.0,0.0,0.0,41.45,0.0,0.0,0.0,0.0,0.0,0.0,0.0,0.0,0.0,0.0,0.0,0.0,0.0,0.0,0.0,0.0,0.0,39.49,0.0,0.0,0.0,0.0,0.0,0.0,0.0,0.0,0.0,0.0,0.0,0.0,0.0,0.0,0.0,0.0,0.0,0.0,0,0,0,0,0,0,0,0,0,0,0,0,0,0,0,0,0,0,0,0,1,0,0,1,0,0,0,0,0,0,0,0,0,0,0,0,0,0,0,0,0,2,0,0,0,0,0,0,0,0,0,0,0,0,0,0,0,0,0,0,0,0,0,0,0,0,0,0,0,0,0,0,0,0,0,0,0,0,40.95,0.0,0.0,0.0,0.0,0.0,0.0,0,4,0,0,0,0,0,0,0,4,0,1,35
19.2,4.5,0.0,0.0,0.0,0.0,22.25,12.56,0.0,50.34,0.0,0.0,0.0,6.92,9.67,0.0,0.0,0.0,0.0,128.73,0.0,0.0,0.0,39.74,0.01,96.74,0.0,0,0,0,0,0,0,1,1,11,0,0,0,0,0,1,0,4,0,0,4,2,0,0,0,3,0,0,0,1,1,1,0,0,0,0,0,0,19.2,128.73,6.92,0.0,23,3,4,0,6.92,96.74,26,4,19.2,4.5,0.0,0.0,0.0,0.0,22.25,12.56,0.0,50.34,0.0,0.0,0.0,0.0,6.92,9.67,0.0,0.0,0.0,0.0,0.0,0.0,0.0,0.0,0.0,0.0,0.0,0.0,0.0,128.73,0.0,0.0,0.0,0.0,0.0,0.0,0.0,0.0,0.0,0.0,39.74,0.01,96.74,0.0,0.0,0.0,0.0,0.0,0.0,0.0,0.0,0.0,0,0,0,0,0,0,0,0,0,0,0,0,0,0,0,0,0,0,0,0,0,0,0,0,0,0,0,0,0,0,0,0,0,0,0,0,0,0,0,0,0,0,0,0,0,0,0,0,0,0,0,0,0,0,0,0,0,0,0,0,0,0,0,1,1,11,0,0,0,0,0,0,0,1,0,4,0,2,4,0,0,0,0,0,0,0,0,0,0,0,0,0,0,3,0,0,0,0,0,0,0,0,1,1,1,0,0,0,0,0,0,0,0,0,0,0,0,0,0,0,0,0,0,0,0,0,0,0,0,0,0,0,0,0,0,0,0,0,0,0,0,0,0,0,0,0,0,0,0,0,0,0,0,0,0,0,0,0,0,0,0,0,0,0,0,0,0,0,0,0,0,0,0,0,0,0,19.2,4.5,0.0,0.0,0.0,0.0,22.25,12.56,0.0,0.0,0.0,50.34,0.0,0.0,6.92,9.67,0.0,0.0,0.0,0.0,128.73,0.0,0.0,0.0,0.0,0.0,0.0,0.0,0.0,0.0,0.0,39.74,0.01,96.74,0.0,0.0,0.0,0.0,0.0,0.0,0.0,0.0,0,0,0,0,0,0,0,0,0,0,0,0,0,0,0,0,0,0,0,1,1,11,0,0,0,0,0,0,0,4,0,1,0,4,2,0,0,0,3,0,0,0,0,0,0,0,0,0,0,1,1,1,0,0,0,0,0,0,0,0,0,0,0,0,0,0,0,0,0,0,0,0,0,0,0,0,0,0,19.2,128.73,0.0,6.92,96.74,0.0,0.0,0,19,3,0,4,4,0,0,0,17,13,6,41
12.94,0.0,0.0,0.0,13.8,0.0,12.03,6.5,0.0,10.54,0.0,0.0,0.0,0.0,9.0,0.0,0.0,0.0,9.22,0.0,0.0,0.0,0.0,0.0,15.36,0.0,0.0,0,0,0,0,0,0,1,0,10,1,0,0,0,0,2,0,1,0,0,0,2,0,0,1,0,0,0,0,0,0,1,0,0,0,0,0,0,12.94,6.11,0.0,0.0,9,10,0,0,12.94,0.0,19,0,12.94,0.0,0.0,0.0,13.8,0.0,12.03,6.5,0.0,10.54,0.0,0.0,0.0,0.0,0.0,9.0,0.0,0.0,0.0,0.0,6.11,9.22,0.0,0.0,0.0,0.0,0.0,0.0,0.0,0.0,0.0,0.0,0.0,0.0,0.0,0.0,0.0,0.0,0.0,0.0,0.0,15.36,0.0,0.0,0.0,0.0,0.0,0.0,0.0,0.0,0.0,0.0,0,0,0,0,0,0,0,0,0,0,0,0,0,0,0,0,0,0,0,0,0,0,0,0,0,0,0,0,0,0,0,0,0,0,0,0,0,0,0,0,0,0,0,0,0,0,0,0,0,0,0,0,0,0,0,0,0,0,0,0,0,0,0,1,0,1,1,0,0,0,0,0,0,2,0,1,0,2,0,0,0,1,9,0,0,0,0,0,0,0,0,0,0,0,0,0,0,0,0,0,0,0,0,1,0,0,0,0,0,0,0,0,0,0,0,0,0,0,0,0,0,0,0,0,0,0,0,0,0,0,0,0,0,0,0,0,0,0,0,0,0,0,0,0,0,0,0,0,0,0,0,0,0,0,0,0,0,0,0,0,0,0,0,0,0,0,0,0,0,0,0,0,0,0,0,0,12.94,0.0,0.0,0.0,13.8,0.0,12.03,6.5,0.0,10.54,0.0,0.0,0.0,0.0,0.0,9.0,0.0,0.0,0.0,9.22,0.0,0.0,0.0,0.0,0.0,0.0,0.0,0.0,0.0,0.0,0.0,0.0,0.0,0.0,0.0,15.36,0.0,0.0,0.0,0.0,0.0,0.0,0,0,0,0,0,0,0,0,0,0,0,0,0,0,0,0,0,0,0,1,0,10,1,0,0,0,0,2,0,1,0,0,0,0,2,0,0,1,0,0,0,0,0,0,0,0,0,0,0,0,0,0,0,1,0,0,0,0,0,0,0,0,0,0,0,0,0,0,0,0,0,0,0,0,0,0,0,0,12.94,6.11,0.0,0.0,0.0,0.0,0.0,0,9,10,0,0,0,0,0,0,11,8,7,48
8.26,0.0,0.0,0.0,0.0,0.0,63.09,0.0,8.17,0.0,0.0,0.0,3.14,0.0,0.0,13.94,0.0,9.8,0.0,57.65,0.0,0.0,0.0,12.95,0.0,0.0,0.0,0,0,0,0,0,0,7,0,1,0,0,0,1,0,0,0,0,1,1,0,0,1,0,0,3,0,0,0,23,0,0,0,0,0,0,0,0,63.09,57.65,0.0,0.0,3,35,0,0,57.65,9.8,37,1,0.0,0.0,0.0,0.0,0.0,0.0,63.09,0.0,8.17,0.0,0.0,0.0,0.0,3.14,0.0,0.0,13.94,0.0,0.0,0.0,8.26,0.0,0.0,0.0,0.0,0.0,0.0,0.0,11.69,57.65,0.0,0.0,0.0,0.0,0.0,9.8,12.95,0.0,0.0,0.0,0.0,0.0,0.0,0.0,0.0,0.0,0.0,0.0,0.0,0.0,0.0,0.0,0,0,0,0,0,0,0,0,0,0,0,0,0,0,0,0,0,0,0,0,0,0,0,0,0,0,0,0,0,0,0,0,0,0,0,0,0,0,0,0,0,0,0,0,0,0,0,0,0,0,0,0,0,0,0,0,0,0,0,0,0,0,0,2,0,0,0,0,0,1,0,1,0,0,0,0,1,0,0,0,0,0,1,0,0,0,0,0,0,0,5,0,0,3,0,0,0,1,23,0,0,0,0,0,0,0,0,0,0,0,0,0,0,0,0,0,0,0,0,0,0,0,0,0,0,0,0,0,0,0,0,0,0,0,0,0,0,0,0,0,0,0,0,0,0,0,0,0,0,0,0,0,0,0,0,0,0,0,0,0,0,0,0,0,0,0,0,0,0,0,0,0,0,0,0,0,8.26,0.0,0.0,0.0,0.0,0.0,63.09,0.0,8.17,0.0,0.0,0.0,0.0,3.14,0.0,0.0,13.94,0.0,0.0,0.0,57.65,0.0,0.0,0.0,0.0,0.0,0.0,9.8,12.95,0.0,0.0,0.0,0.0,0.0,0.0,0.0,0.0,0.0,0.0,0.0,0.0,0.0,0,0,0,0,0,0,0,0,0,0,0,0,0,0,0,0,0,0,0,7,0,1,0,0,0,1,0,0,0,0,1,0,1,0,0,0,0,0,3,0,0,0,0,1,0,0,23,0,0,0,0,0,0,0,0,0,0,0,0,0,0,0,0,0,0,0,0,0,0,0,0,0,0,0,0,0,0,0,63.09,57.65,9.8,0.0,0.0,0.0,0.0,0,3,34,1,0,0,0,0,0,32,6,1,49
10.25,8.43,12.49,0.0,14.06,10.43,6.51,17.04,0.0,11.59,0.0,0.0,48.53,0.0,47.87,15.63,0.0,13.25,0.0,0.0,0.0,0.0,0.0,0.0,0.0,0.0,0.0,0,0,0,0,0,8,12,1,31,4,6,0,0,0,7,0,7,1,1,0,4,1,0,0,0,0,0,0,0,0,0,0,0,0,0,0,0,47.87,0.0,0.0,0.0,83,0,0,0,47.87,0.0,83,0,10.25,8.43,12.49,0.0,14.06,10.43,6.51,17.04,0.0,11.59,0.0,0.0,0.0,0.0,0.0,47.87,15.63,0.0,13.25,48.53,0.0,0.0,0.0,0.0,0.0,0.0,0.0,0.0,0.0,0.0,0.0,0.0,0.0,0.0,0.0,0.0,0.0,0.0,0.0,0.0,0.0,0.0,0.0,0.0,0.0,0.0,0.0,0.0,0.0,0.0,0.0,0.0,0,0,0,0,0,0,0,0,0,0,0,0,0,0,0,0,0,0,0,0,0,0,0,0,0,0,0,0,0,0,0,0,0,0,0,0,0,0,0,0,0,0,0,0,0,0,0,0,0,0,0,0,0,0,0,0,0,0,0,0,0,0,8,12,1,31,4,6,0,0,0,0,0,7,0,7,1,4,0,1,0,0,0,1,0,0,0,0,0,0,0,0,0,0,0,0,0,0,0,0,0,0,0,0,0,0,0,0,0,0,0,0,0,0,0,0,0,0,0,0,0,0,0,0,0,0,0,0,0,0,0,0,0,0,0,0,0,0,0,0,0,0,0,0,0,0,0,0,0,0,0,0,0,0,0,0,0,0,0,0,0,0,0,0,0,0,0,0,0,0,0,0,0,0,0,0,10.25,8.43,12.49,0.0,14.06,10.43,6.51,17.04,0.0,11.59,0.0,0.0,0.0,48.53,0.0,47.87,15.63,0.0,13.25,0.0,0.0,0.0,0.0,0.0,0.0,0.0,0.0,0.0,0.0,0.0,0.0,0.0,0.0,0.0,0.0,0.0,0.0,0.0,0.0,0.0,0.0,0.0,0,0,0,0,0,0,0,0,0,0,0,0,0,0,0,0,0,0,8,12,1,31,4,6,0,0,0,7,0,7,1,0,1,0,4,1,0,0,0,0,0,0,0,0,0,0,0,0,0,0,0,0,0,0,0,0,0,0,0,0,0,0,0,0,0,0,0,0,0,0,0,0,0,0,0,0,0,0,47.87,0.0,0.0,0.0,0.0,0.0,0.0,0,83,0,0,0,0,0,0,0,44,39,5,51
6.68,0.0,916.2,0.0,24.97,517.52,0.0,0.0,197.32,6.51,0.0,0.0,0.0,0.0,0.0,0.0,0.0,0.0,0.0,0.0,0.0,0.0,0.0,0.0,0.0,0.0,0.0,0,0,0,0,0,5,0,0,2,2,1,0,3,0,5,0,0,0,0,0,0,0,0,0,0,0,0,0,0,0,0,0,0,0,0,0,0,916.2,0.0,0.0,0.0,18,0,0,0,916.2,0.0,18,0,6.68,0.0,916.2,0.0,24.97,517.52,0.0,0.0,0.0,6.51,0.0,0.0,0.0,0.0,0.0,0.0,0.0,0.0,0.0,0.0,0.0,0.0,0.0,0.0,0.0,0.0,0.0,0.0,0.0,0.0,0.0,0.0,0.0,0.0,197.32,0.0,0.0,0.0,0.0,0.0,0.0,0.0,0.0,0.0,0.0,0.0,0.0,0.0,0.0,0.0,0.0,0.0,0,0,0,0,0,0,0,0,0,0,0,0,0,0,0,0,0,0,0,0,0,0,0,0,0,0,0,0,0,0,0,0,0,0,0,0,0,0,0,0,0,0,0,0,0,0,0,0,0,0,0,0,0,0,0,0,0,0,0,0,0,0,5,0,0,2,2,1,0,0,0,0,0,5,0,0,0,0,0,0,0,0,0,0,0,0,0,0,0,0,0,0,0,0,0,0,3,0,0,0,0,0,0,0,0,0,0,0,0,0,0,0,0,0,0,0,0,0,0,0,0,0,0,0,0,0,0,0,0,0,0,0,0,0,0,0,0,0,0,0,0,0,0,0,0,0,0,0,0,0,0,0,0,0,0,0,0,0,0,0,0,0,0,0,0,0,0,0,0,0,0,0,0,0,0,0,6.68,0.0,916.2,0.0,24.97,517.52,0.0,0.0,197.32,6.51,0.0,0.0,0.0,0.0,0.0,0.0,0.0,0.0,0.0,0.0,0.0,0.0,0.0,0.0,0.0,0.0,0.0,0.0,0.0,0.0,0.0,0.0,0.0,0.0,0.0,0.0,0.0,0.0,0.0,0.0,0.0,0.0,0,0,0,0,0,0,0,0,0,0,0,0,0,0,0,0,0,0,5,0,0,2,2,1,0,3,0,5,0,0,0,0,0,0,0,0,0,0,0,0,0,0,0,0,0,0,0,0,0,0,0,0,0,0,0,0,0,0,0,0,0,0,0,0,0,0,0,0,0,0,0,0,0,0,0,0,0,0,916.2,0.0,0.0,0.0,0.0,0.0,0.0,0,18,0,0,0,0,0,0,0,14,4,4,52
13.42,0.0,0.0,0.0,0.0,0.0,0.0,0.0,0.0,0.0,0.0,0.0,0.0,0.0,0.0,0.0,0.0,0.0,0.0,0.0,0.0,0.0,0.0,0.0,0.0,0.0,0.0,0,0,0,0,0,0,0,0,8,0,0,0,0,0,0,0,0,0,0,0,0,0,0,0,0,0,0,0,0,0,0,0,0,0,0,0,0,13.42,0.0,0.0,0.0,8,0,0,0,13.42,0.0,8,0,13.42,0.0,0.0,0.0,0.0,0.0,0.0,0.0,0.0,0.0,0.0,0.0,0.0,0.0,0.0,0.0,0.0,0.0,0.0,0.0,0.0,0.0,0.0,0.0,0.0,0.0,0.0,0.0,0.0,0.0,0.0,0.0,0.0,0.0,0.0,0.0,0.0,0.0,0.0,0.0,0.0,0.0,0.0,0.0,0.0,0.0,0.0,0.0,0.0,0.0,0.0,0.0,0,0,0,0,0,0,0,0,0,0,0,0,0,0,0,0,0,0,0,0,0,0,0,0,0,0,0,0,0,0,0,0,0,0,0,0,0,0,0,0,0,0,0,0,0,0,0,0,0,0,0,0,0,0,0,0,0,0,0,0,0,0,0,0,0,8,0,0,0,0,0,0,0,0,0,0,0,0,0,0,0,0,0,0,0,0,0,0,0,0,0,0,0,0,0,0,0,0,0,0,0,0,0,0,0,0,0,0,0,0,0,0,0,0,0,0,0,0,0,0,0,0,0,0,0,0,0,0,0,0,0,0,0,0,0,0,0,0,0,0,0,0,0,0,0,0,0,0,0,0,0,0,0,0,0,0,0,0,0,0,0,0,0,0,0,0,0,0,0,0,0,0,0,0,0,0,13.42,0.0,0.0,0.0,0.0,0.0,0.0,0.0,0.0,0.0,0.0,0.0,0.0,0.0,0.0,0.0,0.0,0.0,0.0,0.0,0.0,0.0,0.0,0.0,0.0,0.0,0.0,0.0,0.0,0.0,0.0,0.0,0.0,0.0,0.0,0.0,0.0,0.0,0.0,0.0,0.0,0.0,0,0,0,0,0,0,0,0,0,0,0,0,0,0,0,0,0,0,0,0,0,8,0,0,0,0,0,0,0,0,0,0,0,0,0,0,0,0,0,0,0,0,0,0,0,0,0,0,0,0,0,0,0,0,0,0,0,0,0,0,0,0,0,0,0,0,0,0,0,0,0,0,0,0,0,0,0,0,13.42,0.0,0.0,0.0,0.0,0.0,0.0,0,8,0,0,0,0,0,0,0,4,4,1,53
15.88,0.0,0.0,22.5,0.0,0.0,14.93,0.0,3.26,16.77,0.0,0.0,0.0,0.0,0.0,0.0,20.2,0.0,0.0,0.0,0.0,0.0,0.0,0.0,0.0,0.0,0.0,0,0,0,0,0,0,4,0,4,0,0,1,1,0,2,0,0,0,0,0,0,0,1,0,0,0,0,0,0,0,0,0,0,0,0,0,0,15.88,14.93,0.0,0.0,10,3,0,0,15.88,0.0,13,0,15.88,0.0,0.0,22.5,0.0,0.0,16.55,0.0,3.26,16.77,0.0,0.0,0.0,0.0,0.0,0.0,0.0,0.0,0.0,0.0,0.0,0.0,0.0,0.0,0.0,0.0,0.0,0.0,14.93,0.0,20.2,0.0,0.0,0.0,0.0,0.0,0.0,0.0,0.0,0.0,0.0,0.0,0.0,0.0,0.0,0.0,0.0,0.0,0.0,0.0,0.0,0.0,0,0,0,0,0,0,0,0,0,0,0,0,0,0,0,0,0,0,0,0,0,0,0,0,0,0,0,0,0,0,0,0,0,0,0,0,0,0,0,0,0,0,0,0,0,0,0,0,0,0,0,0,0,0,0,0,0,0,0,0,0,0,0,3,0,4,0,0,1,1,0,0,0,2,0,0,0,0,0,0,0,0,0,0,0,0,0,0,0,0,1,1,0,0,0,0,0,0,0,0,0,0,0,0,0,0,0,0,0,0,0,0,0,0,0,0,0,0,0,0,0,0,0,0,0,0,0,0,0,0,0,0,0,0,0,0,0,0,0,0,0,0,0,0,0,0,0,0,0,0,0,0,0,0,0,0,0,0,0,0,0,0,0,0,0,0,0,0,0,0,0,0,0,0,0,0,15.88,0.0,0.0,22.5,0.0,0.0,14.93,0.0,3.26,16.77,0.0,0.0,0.0,0.0,0.0,0.0,0.0,20.2,0.0,0.0,0.0,0.0,0.0,0.0,0.0,0.0,0.0,0.0,0.0,0.0,0.0,0.0,0.0,0.0,0.0,0.0,0.0,0.0,0.0,0.0,0.0,0.0,0,0,0,0,0,0,0,0,0,0,0,0,0,0,0,0,0,0,0,4,0,4,0,0,1,1,0,2,0,0,0,0,0,0,0,0,1,0,0,0,0,0,0,0,0,0,0,0,0,0,0,0,0,0,0,0,0,0,0,0,0,0,0,0,0,0,0,0,0,0,0,0,0,0,0,0,0,0,15.88,14.93,0.0,0.0,0.0,0.0,0.0,0,10,3,0,0,0,0,0,0,9,4,1,54
8.89,0.0,0.0,0.0,0.0,0.0,26.97,0.0,0.0,0.0,0.0,0.0,0.0,0.0,0.0,0.0,0.0,0.0,17.51,0.0,0.0,0.0,0.0,0.0,0.0,0.0,0.0,0,0,0,0,0,0,9,0,1,0,0,0,0,0,0,0,0,0,0,0,0,0,0,3,0,0,0,0,0,0,0,0,0,0,0,0,0,8.89,26.97,0.0,0.0,2,11,0,0,26.97,0.0,13,0,8.89,0.0,0.0,0.0,0.0,0.0,14.67,0.0,0.0,0.0,0.0,0.0,0.0,0.0,0.0,0.0,0.0,0.0,0.0,0.0,0.0,17.51,0.0,0.0,0.0,0.0,0.0,0.0,26.97,0.0,0.0,0.0,0.0,0.0,0.0,0.0,0.0,0.0,0.0,0.0,0.0,0.0,0.0,0.0,0.0,0.0,0.0,0.0,0.0,0.0,0.0,0.0,0,0,0,0,0,0,0,0,0,0,0,0,0,0,0,0,0,0,0,0,0,0,0,0,0,0,0,0,0,0,0,0,0,0,0,0,0,0,0,0,0,0,0,0,0,0,0,0,0,0,0,0,0,0,0,0,0,0,0,0,0,0,0,1,0,1,0,0,0,0,0,0,0,0,0,0,0,0,0,0,0,3,0,0,0,0,0,0,0,0,8,0,0,0,0,0,0,0,0,0,0,0,0,0,0,0,0,0,0,0,0,0,0,0,0,0,0,0,0,0,0,0,0,0,0,0,0,0,0,0,0,0,0,0,0,0,0,0,0,0,0,0,0,0,0,0,0,0,0,0,0,0,0,0,0,0,0,0,0,0,0,0,0,0,0,0,0,0,0,0,0,0,0,0,0,0,8.89,0.0,0.0,0.0,0.0,0.0,26.97,0.0,0.0,0.0,0.0,0.0,0.0,0.0,0.0,0.0,0.0,0.0,0.0,17.51,0.0,0.0,0.0,0.0,0.0,0.0,0.0,0.0,0.0,0.0,0.0,0.0,0.0,0.0,0.0,0.0,0.0,0.0,0.0,0.0,0.0,0.0,0,0,0,0,0,0,0,0,0,0,0,0,0,0,0,0,0,0,0,9,0,1,0,0,0,0,0,0,0,0,0,0,0,0,0,0,0,3,0,0,0,0,0,0,0,0,0,0,0,0,0,0,0,0,0,0,0,0,0,0,0,0,0,0,0,0,0,0,0,0,0,0,0,0,0,0,0,0,8.89,26.97,0.0,0.0,0.0,0.0,0.0,0,2,11,0,0,0,0,0,0,11,2,1,56
20.35,0.0,21.76,35.18,0.0,0.0,0.0,0.0,59.73,0.0,0.0,0.0,0.0,0.0,11.81,0.0,0.0,0.0,0.0,0.0,0.0,0.0,0.0,0.0,0.0,0.0,0.0,0,0,0,0,0,3,0,0,1,0,0,2,2,0,0,0,0,0,0,0,1,0,0,0,0,0,0,0,0,0,0,0,0,0,0,0,0,21.76,59.73,0.0,0.0,7,2,0,0,59.73,0.0,9,0,20.35,0.0,21.76,35.18,0.0,0.0,0.0,0.0,59.73,0.0,0.0,0.0,0.0,0.0,0.0,11.81,0.0,0.0,0.0,0.0,0.0,0.0,0.0,0.0,0.0,0.0,0.0,0.0,0.0,0.0,0.0,0.0,0.0,0.0,0.0,0.0,0.0,0.0,0.0,0.0,0.0,0.0,0.0,0.0,0.0,0.0,0.0,0.0,0.0,0.0,0.0,0.0,0,0,0,0,0,0,0,0,0,0,0,0,0,0,0,0,0,0,0,0,0,0,0,0,0,0,0,0,0,0,0,0,0,0,0,0,0,0,0,0,0,0,0,0,0,0,0,0,0,0,0,0,0,0,0,0,0,0,0,0,0,0,3,0,0,1,0,0,2,2,0,0,0,0,0,0,0,1,0,0,0,0,0,0,0,0,0,0,0,0,0,0,0,0,0,0,0,0,0,0,0,0,0,0,0,0,0,0,0,0,0,0,0,0,0,0,0,0,0,0,0,0,0,0,0,0,0,0,0,0,0,0,0,0,0,0,0,0,0,0,0,0,0,0,0,0,0,0,0,0,0,0,0,0,0,0,0,0,0,0,0,0,0,0,0,0,0,0,0,0,0,0,0,0,0,0,20.35,0.0,21.76,35.18,0.0,0.0,0.0,0.0,59.73,0.0,0.0,0.0,0.0,0.0,0.0,11.81,0.0,0.0,0.0,0.0,0.0,0.0,0.0,0.0,0.0,0.0,0.0,0.0,0.0,0.0,0.0,0.0,0.0,0.0,0.0,0.0,0.0,0.0,0.0,0.0,0.0,0.0,0,0,0,0,0,0,0,0,0,0,0,0,0,0,0,0,0,0,3,0,0,1,0,0,2,2,0,0,0,0,0,0,0,0,1,0,0,0,0,0,0,0,0,0,0,0,0,0,0,0,0,0,0,0,0,0,0,0,0,0,0,0,0,0,0,0,0,0,0,0,0,0,0,0,0,0,0,0,21.76,59.73,0.0,0.0,0.0,0.0,0.0,0,7,2,0,0,0,0,0,0,3,6,1,57
68.96,0.0,0.0,12.5,0.0,0.0,0.0,33.8,0.0,0.0,0.0,0.0,0.0,0.0,0.0,0.0,0.0,0.0,0.0,0.0,0.0,0.0,0.0,0.0,0.0,0.0,0.0,0,0,0,0,0,0,0,0,1,0,0,1,0,0,0,0,1,0,0,0,0,0,0,0,0,0,0,0,0,0,0,0,0,0,0,0,0,68.96,0.0,0.0,0.0,3,0,0,0,68.96,0.0,3,0,68.96,0.0,0.0,12.5,0.0,0.0,0.0,33.8,0.0,0.0,0.0,0.0,0.0,0.0,0.0,0.0,0.0,0.0,0.0,0.0,0.0,0.0,0.0,0.0,0.0,0.0,0.0,0.0,0.0,0.0,0.0,0.0,0.0,0.0,0.0,0.0,0.0,0.0,0.0,0.0,0.0,0.0,0.0,0.0,0.0,0.0,0.0,0.0,0.0,0.0,0.0,0.0,0,0,0,0,0,0,0,0,0,0,0,0,0,0,0,0,0,0,0,0,0,0,0,0,0,0,0,0,0,0,0,0,0,0,0,0,0,0,0,0,0,0,0,0,0,0,0,0,0,0,0,0,0,0,0,0,0,0,0,0,0,0,0,0,0,1,0,0,1,0,0,0,0,0,0,1,0,0,0,0,0,0,0,0,0,0,0,0,0,0,0,0,0,0,0,0,0,0,0,0,0,0,0,0,0,0,0,0,0,0,0,0,0,0,0,0,0,0,0,0,0,0,0,0,0,0,0,0,0,0,0,0,0,0,0,0,0,0,0,0,0,0,0,0,0,0,0,0,0,0,0,0,0,0,0,0,0,0,0,0,0,0,0,0,0,0,0,0,0,0,0,0,0,0,0,0,68.96,0.0,0.0,12.5,0.0,0.0,0.0,33.8,0.0,0.0,0.0,0.0,0.0,0.0,0.0,0.0,0.0,0.0,0.0,0.0,0.0,0.0,0.0,0.0,0.0,0.0,0.0,0.0,0.0,0.0,0.0,0.0,0.0,0.0,0.0,0.0,0.0,0.0,0.0,0.0,0.0,0.0,0,0,0,0,0,0,0,0,0,0,0,0,0,0,0,0,0,0,0,0,0,1,0,0,1,0,0,0,0,1,0,0,0,0,0,0,0,0,0,0,0,0,0,0,0,0,0,0,0,0,0,0,0,0,0,0,0,0,0,0,0,0,0,0,0,0,0,0,0,0,0,0,0,0,0,0,0,0,68.96,0.0,0.0,0.0,0.0,0.0,0.0,0,3,0,0,0,0,0,0,0,2,1,1,59
0.0,0.0,0.0,0.0,0.0,0.0,0.0,0.0,0.0,0.0,0.0,0.0,0.0,8.67,0.0,0.0,0.0,0.0,0.0,0.0,0.0,0.0,0.0,0.0,0.0,0.0,0.0,0,0,0,0,0,0,0,0,0,0,0,0,0,0,0,0,0,0,0,5,0,0,0,0,0,0,0,0,0,0,0,0,0,0,0,0,0,0.0,0.0,8.67,0.0,0,0,5,0,8.67,0.0,5,0,0.0,0.0,0.0,0.0,0.0,0.0,0.0,0.0,0.0,0.0,0.0,0.0,0.0,0.0,8.67,0.0,0.0,0.0,0.0,0.0,0.0,0.0,0.0,0.0,0.0,0.0,0.0,0.0,0.0,0.0,0.0,0.0,0.0,0.0,0.0,0.0,0.0,0.0,0.0,0.0,0.0,0.0,0.0,0.0,0.0,0.0,0.0,0.0,0.0,0.0,0.0,0.0,0,0,0,0,0,0,0,0,0,0,0,0,0,0,0,0,0,0,0,0,0,0,0,0,0,0,0,0,0,0,0,0,0,0,0,0,0,0,0,0,0,0,0,0,0,0,0,0,0,0,0,0,0,0,0,0,0,0,0,0,0,0,0,0,0,0,0,0,0,0,0,0,0,0,0,0,0,0,5,0,0,0,0,0,0,0,0,0,0,0,0,0,0,0,0,0,0,0,0,0,0,0,0,0,0,0,0,0,0,0,0,0,0,0,0,0,0,0,0,0,0,0,0,0,0,0,0,0,0,0,0,0,0,0,0,0,0,0,0,0,0,0,0,0,0,0,0,0,0,0,0,0,0,0,0,0,0,0,0,0,0,0,0,0,0,0,0,0,0,0,0,0,0,0,0,0,0.0,0.0,0.0,0.0,0.0,0.0,0.0,0.0,0.0,0.0,0.0,0.0,0.0,0.0,8.67,0.0,0.0,0.0,0.0,0.0,0.0,0.0,0.0,0.0,0.0,0.0,0.0,0.0,0.0,0.0,0.0,0.0,0.0,0.0,0.0,0.0,0.0,0.0,0.0,0.0,0.0,0.0,0,0,0,0,0,0,0,0,0,0,0,0,0,0,0,0,0,0,0,0,0,0,0,0,0,0,0,0,0,0,0,0,0,5,0,0,0,0,0,0,0,0,0,0,0,0,0,0,0,0,0,0,0,0,0,0,0,0,0,0,0,0,0,0,0,0,0,0,0,0,0,0,0,0,0,0,0,0,0.0,0.0,0.0,8.67,0.0,0.0,0.0,0,0,0,0,5,0,0,0,0,5,0,1,63
36.53,0.0,0.0,55.78,0.0,0.0,25.12,0.0,0.0,0.0,0.0,0.0,22.17,0.0,11.48,19.09,4.87,0.0,0.0,0.0,0.0,31.65,0.0,0.0,0.0,0.0,0.0,0,0,0,0,0,0,12,0,1,0,0,1,0,0,0,0,0,4,1,0,2,0,2,0,0,0,1,0,0,0,0,0,0,0,0,0,0,19.09,3.56,22.17,0.0,14,6,4,0,19.09,0.0,24,0,36.53,0.0,0.0,55.78,0.0,0.0,25.12,0.0,0.0,0.0,0.0,0.0,0.0,0.0,0.0,11.48,19.09,0.0,0.0,0.0,0.0,0.0,0.0,0.0,0.0,31.65,0.0,22.17,3.56,0.0,4.87,0.0,0.0,0.0,0.0,0.0,0.0,0.0,0.0,0.0,0.0,0.0,0.0,0.0,0.0,0.0,0.0,0.0,0.0,0.0,0.0,0.0,0,0,0,0,0,0,0,0,0,0,0,0,0,0,0,0,0,0,0,0,0,0,0,0,0,0,0,0,0,0,0,0,0,0,0,0,0,0,0,0,0,0,0,0,0,0,0,0,0,0,0,0,0,0,0,0,0,0,0,0,0,0,0,8,0,1,0,0,1,0,0,0,0,0,0,0,1,2,0,0,0,0,0,0,0,0,0,1,0,4,4,2,0,0,0,0,0,0,0,0,0,0,0,0,0,0,0,0,0,0,0,0,0,0,0,0,0,0,0,0,0,0,0,0,0,0,0,0,0,0,0,0,0,0,0,0,0,0,0,0,0,0,0,0,0,0,0,0,0,0,0,0,0,0,0,0,0,0,0,0,0,0,0,0,0,0,0,0,0,0,0,0,0,0,0,0,36.53,0.0,0.0,55.78,0.0,0.0,25.12,0.0,0.0,0.0,0.0,0.0,0.0,22.17,0.0,11.48,19.09,4.87,0.0,0.0,0.0,0.0,0.0,31.65,0.0,0.0,0.0,0.0,0.0,0.0,0.0,0.0,0.0,0.0,0.0,0.0,0.0,0.0,0.0,0.0,0.0,0.0,0,0,0,0,0,0,0,0,0,0,0,0,0,0,0,0,0,0,0,12,0,1,0,0,1,0,0,0,0,0,4,0,1,0,2,0,2,0,0,0,0,1,0,0,0,0,0,0,0,0,0,0,0,0,0,0,0,0,0,0,0,0,0,0,0,0,0,0,0,0,0,0,0,0,0,0,0,0,19.09,3.56,0.0,22.17,0.0,0.0,0.0,0,14,6,0,4,0,0,0,0,11,13,1,64
0.0,0.0,0.0,0.0,0.0,0.0,0.0,0.0,0.0,0.0,0.0,0.0,0.0,5.87,0.0,0.0,0.0,0.0,0.0,0.0,0.0,0.0,0.0,0.0,0.0,0.0,0.0,0,0,0,0,0,0,0,0,0,0,0,0,0,0,0,0,0,0,0,2,0,0,0,0,0,0,0,0,0,0,0,0,0,0,0,0,0,0.0,0.0,5.87,0.0,0,0,2,0,5.87,0.0,2,0,0.0,0.0,0.0,0.0,0.0,0.0,0.0,0.0,0.0,0.0,0.0,0.0,0.0,0.0,5.87,0.0,0.0,0.0,0.0,0.0,0.0,0.0,0.0,0.0,0.0,0.0,0.0,0.0,0.0,0.0,0.0,0.0,0.0,0.0,0.0,0.0,0.0,0.0,0.0,0.0,0.0,0.0,0.0,0.0,0.0,0.0,0.0,0.0,0.0,0.0,0.0,0.0,0,0,0,0,0,0,0,0,0,0,0,0,0,0,0,0,0,0,0,0,0,0,0,0,0,0,0,0,0,0,0,0,0,0,0,0,0,0,0,0,0,0,0,0,0,0,0,0,0,0,0,0,0,0,0,0,0,0,0,0,0,0,0,0,0,0,0,0,0,0,0,0,0,0,0,0,0,0,2,0,0,0,0,0,0,0,0,0,0,0,0,0,0,0,0,0,0,0,0,0,0,0,0,0,0,0,0,0,0,0,0,0,0,0,0,0,0,0,0,0,0,0,0,0,0,0,0,0,0,0,0,0,0,0,0,0,0,0,0,0,0,0,0,0,0,0,0,0,0,0,0,0,0,0,0,0,0,0,0,0,0,0,0,0,0,0,0,0,0,0,0,0,0,0,0,0,0.0,0.0,0.0,0.0,0.0,0.0,0.0,0.0,0.0,0.0,0.0,0.0,0.0,0.0,5.87,0.0,0.0,0.0,0.0,0.0,0.0,0.0,0.0,0.0,0.0,0.0,0.0,0.0,0.0,0.0,0.0,0.0,0.0,0.0,0.0,0.0,0.0,0.0,0.0,0.0,0.0,0.0,0,0,0,0,0,0,0,0,0,0,0,0,0,0,0,0,0,0,0,0,0,0,0,0,0,0,0,0,0,0,0,0,0,2,0,0,0,0,0,0,0,0,0,0,0,0,0,0,0,0,0,0,0,0,0,0,0,0,0,0,0,0,0,0,0,0,0,0,0,0,0,0,0,0,0,0,0,0,0.0,0.0,0.0,5.87,0.0,0.0,0.0,0,0,0,0,2,0,0,0,0,2,0,1,66
4.62,24.51,14.04,0.0,0.0,0.0,11.08,26.93,17.97,70.0,0.0,12.65,0.0,0.0,0.0,0.0,29.99,18.99,19.26,42.34,21.76,0.0,0.0,0.0,0.0,0.0,0.0,0,0,0,0,0,3,3,1,12,0,0,0,2,2,2,0,2,0,0,0,0,1,1,2,1,1,0,0,0,0,0,0,0,0,0,0,0,14.04,4.62,0.0,17.97,12,20,0,1,14.04,70.0,24,9,7.96,24.51,14.04,0.0,0.0,0.0,11.08,26.93,24.95,0.0,0.0,70.0,12.65,0.0,0.0,0.0,0.0,0.0,0.0,0.0,4.62,19.26,0.0,0.0,21.76,0.0,0.0,0.0,47.77,42.34,29.99,0.0,0.0,0.0,0.0,18.99,0.0,0.0,0.0,0.0,0.0,0.0,0.0,0.0,0.0,0.0,17.97,0.0,0.0,0.0,0.0,0.0,0,0,0,0,0,0,0,0,0,0,0,0,0,0,0,0,0,0,0,0,0,0,0,0,0,0,0,0,0,0,0,0,0,0,0,0,0,0,0,0,0,0,0,0,0,0,0,0,0,0,0,0,0,0,0,0,0,0,0,0,0,0,3,1,1,3,0,0,0,1,2,0,2,0,0,2,0,0,0,0,0,2,9,0,0,1,0,0,0,0,2,1,0,1,0,0,0,1,0,0,0,0,0,0,0,0,0,0,1,0,0,0,0,0,0,0,0,0,0,0,0,0,0,0,0,0,0,0,0,0,0,0,0,0,0,0,0,0,0,0,0,0,0,0,0,0,0,0,0,0,0,0,0,0,0,0,0,0,0,0,0,0,0,0,0,0,0,0,0,0,0,0,0,0,0,0,4.62,24.51,14.04,0.0,0.0,0.0,11.08,26.93,0.0,0.0,0.0,70.0,12.65,0.0,0.0,0.0,0.0,0.0,0.0,19.26,42.34,21.76,0.0,0.0,0.0,0.0,0.0,18.99,0.0,0.0,0.0,0.0,0.0,0.0,0.0,0.0,17.97,47.77,29.99,0.0,0.0,0.0,0,0,0,0,0,0,0,0,0,0,0,0,0,0,0,0,0,0,3,1,1,12,0,0,0,0,2,0,0,2,0,2,0,0,0,0,0,2,1,0,1,0,0,1,0,0,0,0,0,0,0,0,0,0,2,1,2,0,0,0,0,0,0,0,0,0,0,0,0,0,0,0,0,0,0,0,0,0,14.04,4.62,70.0,0.0,0.0,0.0,17.97,0,12,12,8,0,0,0,1,0,22,11,3,67
13.8,0.0,7.8,0.0,0.0,0.0,11.45,0.0,0.0,24.74,0.0,0.0,0.0,0.0,0.0,0.0,0.0,0.0,0.0,0.0,0.0,0.0,0.0,0.0,0.0,0.0,0.0,0,0,0,0,0,1,3,0,55,0,0,0,0,0,3,0,0,0,0,0,0,0,0,0,0,0,0,0,0,0,0,0,0,0,0,0,0,13.8,0.0,0.0,0.0,62,0,0,0,13.8,0.0,62,0,13.8,0.0,7.8,0.0,0.0,0.0,11.45,0.0,0.0,24.74,0.0,0.0,0.0,0.0,0.0,0.0,0.0,0.0,0.0,0.0,0.0,0.0,0.0,0.0,0.0,0.0,0.0,0.0,0.0,0.0,0.0,0.0,0.0,0.0,0.0,0.0,0.0,0.0,0.0,0.0,0.0,0.0,0.0,0.0,0.0,0.0,0.0,0.0,0.0,0.0,0.0,0.0,0,0,0,0,0,0,0,0,0,0,0,0,0,0,0,0,0,0,0,0,0,0,0,0,0,0,0,0,0,0,0,0,0,0,0,0,0,0,0,0,0,0,0,0,0,0,0,0,0,0,0,0,0,0,0,0,0,0,0,0,0,0,1,3,0,55,0,0,0,0,0,0,0,3,0,0,0,0,0,0,0,0,0,0,0,0,0,0,0,0,0,0,0,0,0,0,0,0,0,0,0,0,0,0,0,0,0,0,0,0,0,0,0,0,0,0,0,0,0,0,0,0,0,0,0,0,0,0,0,0,0,0,0,0,0,0,0,0,0,0,0,0,0,0,0,0,0,0,0,0,0,0,0,0,0,0,0,0,0,0,0,0,0,0,0,0,0,0,0,0,0,0,0,0,0,0,13.8,0.0,7.8,0.0,0.0,0.0,11.45,0.0,0.0,24.74,0.0,0.0,0.0,0.0,0.0,0.0,0.0,0.0,0.0,0.0,0.0,0.0,0.0,0.0,0.0,0.0,0.0,0.0,0.0,0.0,0.0,0.0,0.0,0.0,0.0,0.0,0.0,0.0,0.0,0.0,0.0,0.0,0,0,0,0,0,0,0,0,0,0,0,0,0,0,0,0,0,0,1,3,0,55,0,0,0,0,0,3,0,0,0,0,0,0,0,0,0,0,0,0,0,0,0,0,0,0,0,0,0,0,0,0,0,0,0,0,0,0,0,0,0,0,0,0,0,0,0,0,0,0,0,0,0,0,0,0,0,0,13.8,0.0,0.0,0.0,0.0,0.0,0.0,0,62,0,0,0,0,0,0,0,47,15,1,70
22.03,0.0,0.0,0.0,0.0,0.0,9.12,0.0,16.45,0.0,0.0,13.8,12.22,0.0,3.72,0.0,0.0,0.0,12.27,0.0,0.0,0.0,0.0,0.0,0.0,0.0,0.0,0,0,0,0,0,0,2,0,10,0,0,0,1,4,0,0,0,12,0,0,1,0,0,1,0,0,0,0,0,0,0,0,0,0,0,0,0,13.8,10.58,12.22,9.12,14,3,12,2,12.22,0.0,31,0,22.03,0.0,0.0,0.0,0.0,0.0,0.0,0.0,16.45,0.0,0.0,0.0,13.8,0.0,0.0,3.72,0.0,0.0,0.0,0.0,10.58,12.27,0.0,0.0,0.0,0.0,0.0,12.22,0.0,0.0,0.0,0.0,0.0,9.12,0.0,0.0,0.0,0.0,0.0,0.0,0.0,0.0,0.0,0.0,0.0,0.0,0.0,0.0,0.0,0.0,0.0,0.0,0,0,0,0,0,0,0,0,0,0,0,0,0,0,0,0,0,0,0,0,0,0,0,0,0,0,0,0,0,0,0,0,0,0,0,0,0,0,0,0,0,0,0,0,0,0,0,0,0,0,0,0,0,0,0,0,0,0,0,0,0,0,0,0,0,9,0,0,0,1,0,0,4,0,0,0,0,1,0,0,0,1,1,0,0,0,0,0,0,12,0,0,0,0,0,2,0,0,0,0,0,0,0,0,0,0,0,0,0,0,0,0,0,0,0,0,0,0,0,0,0,0,0,0,0,0,0,0,0,0,0,0,0,0,0,0,0,0,0,0,0,0,0,0,0,0,0,0,0,0,0,0,0,0,0,0,0,0,0,0,0,0,0,0,0,0,0,0,0,0,0,0,0,0,0,0,22.03,0.0,0.0,0.0,0.0,0.0,9.12,0.0,16.45,0.0,0.0,0.0,13.8,12.22,0.0,3.72,0.0,0.0,0.0,12.27,0.0,0.0,0.0,0.0,0.0,0.0,0.0,0.0,0.0,0.0,0.0,0.0,0.0,0.0,0.0,0.0,0.0,0.0,0.0,0.0,0.0,0.0,0,0,0,0,0,0,0,0,0,0,0,0,0,0,0,0,0,0,0,2,0,10,0,0,0,1,4,0,0,0,12,0,0,0,1,0,0,1,0,0,0,0,0,0,0,0,0,0,0,0,0,0,0,0,0,0,0,0,0,0,0,0,0,0,0,0,0,0,0,0,0,0,0,0,0,0,0,0,13.8,10.58,0.0,12.22,0.0,9.12,0.0,0,14,3,0,12,0,2,0,0,21,10,1,72
7.61,0.0,12.67,5.19,0.0,0.0,13.58,0.0,0.0,0.0,0.0,0.0,0.0,0.0,5.47,0.0,14.08,0.0,18.1,46.55,0.0,0.0,0.0,0.0,0.0,0.0,0.0,0,0,0,0,0,1,3,0,34,0,0,1,0,0,0,0,0,0,0,0,2,0,3,2,1,0,0,0,0,0,0,0,0,0,0,0,0,5.47,7.61,0.0,0.0,9,38,0,0,7.61,0.0,47,0,2.66,0.0,12.67,5.19,0.0,0.0,0.0,0.0,0.0,0.0,0.0,0.0,0.0,0.0,0.0,5.47,0.0,9.11,0.0,0.0,7.61,18.1,0.0,0.0,0.0,0.0,0.0,0.0,13.58,46.55,14.08,0.0,0.0,0.0,0.0,0.0,0.0,0.0,0.0,0.0,0.0,0.0,0.0,0.0,0.0,0.0,0.0,0.0,0.0,0.0,0.0,0.0,0,0,0,0,0,0,0,0,0,0,0,0,0,0,0,0,0,0,0,0,0,0,0,0,0,0,0,0,0,0,0,0,0,0,0,0,0,0,0,0,0,0,0,0,0,0,0,0,0,0,0,0,0,0,0,0,0,0,0,0,0,0,1,0,0,4,0,0,1,0,0,0,0,0,0,0,0,2,0,0,1,2,30,0,0,0,0,0,0,0,3,2,0,1,0,0,0,0,0,0,0,0,0,0,0,0,0,0,0,0,0,0,0,0,0,0,0,0,0,0,0,0,0,0,0,0,0,0,0,0,0,0,0,0,0,0,0,0,0,0,0,0,0,0,0,0,0,0,0,0,0,0,0,0,0,0,0,0,0,0,0,0,0,0,0,0,0,0,0,0,0,0,0,0,0,0,7.61,0.0,12.67,5.19,0.0,0.0,13.58,0.0,0.0,0.0,0.0,0.0,0.0,0.0,0.0,5.47,0.0,14.08,0.0,18.1,46.55,0.0,0.0,0.0,0.0,0.0,0.0,0.0,0.0,0.0,0.0,0.0,0.0,0.0,0.0,0.0,0.0,0.0,0.0,0.0,0.0,0.0,0,0,0,0,0,0,0,0,0,0,0,0,0,0,0,0,0,0,1,3,0,34,0,0,1,0,0,0,0,0,0,0,0,0,2,0,3,2,1,0,0,0,0,0,0,0,0,0,0,0,0,0,0,0,0,0,0,0,0,0,0,0,0,0,0,0,0,0,0,0,0,0,0,0,0,0,0,0,5.47,7.61,0.0,0.0,0.0,0.0,0.0,0,9,38,0,0,0,0,0,0,40,7,1,73
60.52,0.0,143.03,6.88,0.0,0.0,20.21,71.53,4.24,2.08,0.0,6.92,0.0,0.0,5.85,6.86,19.76,0.0,0.0,0.0,10.34,0.0,0.0,0.0,0.0,0.0,0.0,0,0,0,0,0,1,13,0,27,0,0,3,4,5,13,0,3,0,5,0,16,0,10,0,0,2,0,0,0,0,0,0,0,0,0,0,0,60.52,4.24,0.0,0.0,72,30,0,0,4.24,2.08,91,11,60.52,0.0,143.03,6.88,0.0,0.0,34.74,71.53,4.24,108.14,0.0,2.08,6.92,0.0,0.0,5.85,6.86,0.0,0.0,0.0,20.21,0.0,0.0,0.0,10.34,0.0,0.0,0.0,20.21,0.0,19.76,0.0,0.0,0.0,0.0,0.0,0.0,0.0,0.0,0.0,0.0,0.0,0.0,0.0,0.0,0.0,0.0,0.0,0.0,0.0,0.0,0.0,0,0,0,0,0,0,0,0,0,0,0,0,0,0,0,0,0,0,0,0,0,0,0,0,0,0,0,0,0,0,0,0,0,0,0,0,0,0,0,0,0,0,0,0,0,0,0,0,0,0,0,0,0,0,0,0,0,0,0,0,0,0,1,12,0,24,0,0,3,4,10,0,5,3,0,3,5,16,0,0,0,0,3,0,0,2,0,0,0,0,1,10,0,0,0,0,0,0,0,0,0,0,0,0,0,0,0,0,0,0,0,0,0,0,0,0,0,0,0,0,0,0,0,0,0,0,0,0,0,0,0,0,0,0,0,0,0,0,0,0,0,0,0,0,0,0,0,0,0,0,0,0,0,0,0,0,0,0,0,0,0,0,0,0,0,0,0,0,0,0,0,0,0,0,0,0,60.52,0.0,143.03,6.88,0.0,0.0,20.21,71.53,4.24,108.14,0.0,2.08,6.92,0.0,0.0,5.85,6.86,19.76,0.0,0.0,0.0,0.0,0.0,0.0,0.0,0.0,0.0,0.0,0.0,0.0,0.0,0.0,0.0,0.0,0.0,0.0,18.41,0.0,0.0,10.34,0.0,0.0,0,0,0,0,0,0,0,0,0,0,0,0,0,0,0,0,0,0,1,13,0,27,0,0,3,3,5,3,0,3,0,10,5,0,16,0,10,0,0,0,0,0,0,0,0,0,0,0,0,0,0,0,0,0,0,0,1,2,0,0,0,0,0,0,0,0,0,0,0,0,0,0,0,0,0,0,0,0,60.52,4.24,2.08,0.0,0.0,0.0,0.0,0,72,19,11,0,0,0,0,0,49,53,1,74
0.0,0.0,0.0,0.0,0.0,0.0,0.0,0.0,0.0,0.0,0.0,0.0,0.0,17.15,0.0,0.0,0.0,0.0,0.0,0.0,0.0,0.0,0.0,0.0,0.0,0.0,0.0,0,0,0,0,0,0,0,0,0,0,0,0,0,0,0,0,0,0,0,9,0,0,0,0,0,0,0,0,0,0,0,0,0,0,0,0,0,0.0,0.0,0.0,17.15,0,0,0,9,17.15,0.0,9,0,0.0,0.0,0.0,0.0,0.0,0.0,0.0,0.0,0.0,0.0,0.0,0.0,0.0,0.0,0.0,0.0,0.0,0.0,0.0,0.0,0.0,0.0,0.0,0.0,0.0,0.0,0.0,0.0,0.0,0.0,0.0,0.0,0.0,0.0,0.0,0.0,0.0,0.0,0.0,0.0,0.0,0.0,0.0,0.0,0.0,0.0,0.0,17.15,0.0,0.0,0.0,0.0,0,0,0,0,0,0,0,0,0,0,0,0,0,0,0,0,0,0,0,0,0,0,0,0,0,0,0,0,0,0,0,0,0,0,0,0,0,0,0,0,0,0,0,0,0,0,0,0,0,0,0,0,0,0,0,0,0,0,0,0,0,0,0,0,0,0,0,0,0,0,0,0,0,0,0,0,0,0,0,0,0,0,0,0,0,0,0,0,0,0,0,0,0,0,0,0,0,0,0,0,0,0,0,0,0,0,0,0,0,9,0,0,0,0,0,0,0,0,0,0,0,0,0,0,0,0,0,0,0,0,0,0,0,0,0,0,0,0,0,0,0,0,0,0,0,0,0,0,0,0,0,0,0,0,0,0,0,0,0,0,0,0,0,0,0,0,0,0,0,0,0,0,0,0,0,0,0.0,0.0,0.0,0.0,0.0,0.0,0.0,0.0,0.0,0.0,0.0,0.0,0.0,0.0,17.15,0.0,0.0,0.0,0.0,0.0,0.0,0.0,0.0,0.0,0.0,0.0,0.0,0.0,0.0,0.0,0.0,0.0,0.0,0.0,0.0,0.0,0.0,0.0,0.0,0.0,0.0,0.0,0,0,0,0,0,0,0,0,0,0,0,0,0,0,0,0,0,0,0,0,0,0,0,0,0,0,0,0,0,0,0,0,0,9,0,0,0,0,0,0,0,0,0,0,0,0,0,0,0,0,0,0,0,0,0,0,0,0,0,0,0,0,0,0,0,0,0,0,0,0,0,0,0,0,0,0,0,0,0.0,0.0,0.0,0.0,0.0,17.15,0.0,0,0,0,0,0,0,9,0,0,9,0,1,75
15.33,0.0,0.0,0.0,0.0,0.0,0.0,0.0,0.0,0.0,0.0,0.0,83.75,0.0,0.0,0.0,0.0,0.0,0.0,35.84,0.0,0.0,0.0,0.0,0.0,0.0,0.0,0,0,0,0,0,0,0,0,30,0,0,0,0,0,0,0,0,2,0,0,0,0,0,0,2,0,0,0,0,0,0,0,0,0,0,0,0,83.75,35.84,0.0,0.0,32,2,0,0,83.75,0.0,34,0,15.33,0.0,0.0,0.0,0.0,0.0,0.0,0.0,0.0,0.0,0.0,0.0,0.0,0.0,0.0,0.0,0.0,0.0,0.0,83.75,0.0,0.0,0.0,0.0,0.0,0.0,0.0,0.0,0.0,35.84,0.0,0.0,0.0,0.0,0.0,0.0,0.0,0.0,0.0,0.0,0.0,0.0,0.0,0.0,0.0,0.0,0.0,0.0,0.0,0.0,0.0,0.0,0,0,0,0,0,0,0,0,0,0,0,0,0,0,0,0,0,0,0,0,0,0,0,0,0,0,0,0,0,0,0,0,0,0,0,0,0,0,0,0,0,0,0,0,0,0,0,0,0,0,0,0,0,0,0,0,0,0,0,0,0,0,0,0,0,30,0,0,0,0,0,0,0,0,0,0,0,0,0,0,0,0,0,2,0,0,0,0,0,0,0,0,0,2,0,0,0,0,0,0,0,0,0,0,0,0,0,0,0,0,0,0,0,0,0,0,0,0,0,0,0,0,0,0,0,0,0,0,0,0,0,0,0,0,0,0,0,0,0,0,0,0,0,0,0,0,0,0,0,0,0,0,0,0,0,0,0,0,0,0,0,0,0,0,0,0,0,0,0,0,0,0,0,0,0,0,15.33,0.0,0.0,0.0,0.0,0.0,0.0,0.0,0.0,0.0,0.0,0.0,0.0,83.75,0.0,0.0,0.0,0.0,0.0,0.0,35.84,0.0,0.0,0.0,0.0,0.0,0.0,0.0,0.0,0.0,0.0,0.0,0.0,0.0,0.0,0.0,0.0,0.0,0.0,0.0,0.0,0.0,0,0,0,0,0,0,0,0,0,0,0,0,0,0,0,0,0,0,0,0,0,30,0,0,0,0,0,0,0,0,2,0,0,0,0,0,0,0,2,0,0,0,0,0,0,0,0,0,0,0,0,0,0,0,0,0,0,0,0,0,0,0,0,0,0,0,0,0,0,0,0,0,0,0,0,0,0,0,83.75,35.84,0.0,0.0,0.0,0.0,0.0,0,32,2,0,0,0,0,0,0,27,7,1,77
90.46,0.0,0.0,0.0,0.0,0.0,0.0,9.21,0.0,3.43,0.0,0.0,0.0,0.0,0.0,70.22,0.0,10.32,0.0,0.0,0.0,0.0,0.0,0.0,0.0,0.0,0.0,0,0,0,0,0,0,0,0,6,0,0,0,0,0,29,0,3,0,3,0,0,4,0,0,0,0,0,0,0,0,0,0,0,0,0,0,0,70.22,3.43,0.0,1.0,7,37,0,1,70.22,3.43,12,33,90.46,0.0,0.0,0.0,0.0,0.0,0.0,9.21,0.0,0.0,0.0,3.43,0.0,0.0,0.0,0.0,70.22,0.0,0.0,0.0,66.61,0.0,0.0,0.0,0.0,0.0,0.0,0.0,0.0,0.0,0.0,0.0,0.0,0.0,0.0,10.32,0.0,0.0,0.0,0.0,0.0,0.0,0.0,0.0,0.0,0.0,0.0,0.0,0.0,1.0,0.0,0.0,0,0,0,0,0,0,0,0,0,0,0,0,0,0,0,0,0,0,0,0,0,0,0,0,0,0,0,0,0,0,0,0,0,0,0,0,0,0,0,0,0,0,0,0,0,0,0,0,0,0,0,0,0,0,0,0,0,0,0,0,0,0,0,0,0,1,0,0,0,0,28,0,0,0,0,3,3,0,0,0,0,0,5,0,0,0,0,0,0,0,0,0,0,0,0,0,0,4,0,0,0,0,0,0,0,0,0,0,0,0,0,1,0,0,0,0,0,0,0,0,0,0,0,0,0,0,0,0,0,0,0,0,0,0,0,0,0,0,0,0,0,0,0,0,0,0,0,0,0,0,0,0,0,0,0,0,0,0,0,0,0,0,0,0,0,0,0,0,0,0,0,0,0,0,0,0,90.46,0.0,0.0,0.0,0.0,0.0,0.0,9.21,0.0,0.0,0.0,3.43,0.0,0.0,0.0,0.0,70.22,0.0,0.0,0.0,0.0,0.0,0.0,0.0,0.0,0.0,0.0,10.32,0.0,0.0,0.0,0.0,0.0,0.0,0.0,0.0,0.0,0.0,0.0,0.0,0.0,0.0,0,0,0,0,0,0,0,0,0,0,0,0,0,0,0,0,0,0,0,0,0,6,0,0,0,0,0,0,0,3,0,29,3,0,0,0,0,0,0,0,0,0,0,4,0,0,0,0,0,0,0,0,0,0,0,0,0,0,0,0,0,0,0,0,0,0,0,0,0,0,0,0,0,0,0,0,0,0,70.22,66.61,3.43,0.0,0.0,0.0,1.0,0,7,5,32,0,0,0,1,0,34,11,1,79
31.22,0.0,34.48,108.23,12.76,0.0,0.0,0.0,0.0,3.52,0.0,23.75,0.0,0.0,39.51,29.67,0.0,0.0,0.0,4.48,0.0,54.82,0.0,0.0,0.0,111.78,0.0,0,0,0,0,0,1,0,0,12,1,0,1,0,8,11,0,0,0,1,0,2,0,0,0,1,0,1,0,0,2,0,0,0,0,0,0,0,31.22,3.52,0.0,0.0,26,15,0,0,31.22,3.52,28,13,31.22,0.0,0.0,108.23,12.76,0.0,0.0,0.0,0.0,0.0,0.0,3.52,23.75,0.0,0.0,39.51,29.67,0.0,0.0,0.0,0.0,0.0,0.0,0.0,0.0,54.82,0.0,0.0,0.0,4.48,0.0,0.0,0.0,0.0,0.0,0.0,0.0,0.0,0.0,0.0,0.0,0.0,0.0,0.0,34.48,0.0,0.0,0.0,0.0,0.0,111.78,0.0,0,0,0,0,0,0,0,0,0,0,0,0,0,0,0,0,0,0,0,0,0,0,0,0,0,0,0,0,0,0,0,0,0,0,0,0,0,0,0,0,0,0,0,0,0,0,0,0,0,0,0,0,0,0,0,0,0,0,0,0,0,0,0,0,0,12,1,0,1,0,11,0,8,0,0,0,1,2,0,0,0,0,0,0,0,0,0,1,0,0,0,0,0,1,0,0,0,0,0,0,0,0,0,0,0,1,0,0,0,0,0,0,2,0,0,0,0,0,0,0,0,0,0,0,0,0,0,0,0,0,0,0,0,0,0,0,0,0,0,0,0,0,0,0,0,0,0,0,0,0,0,0,0,0,0,0,0,0,0,0,0,0,0,0,0,0,0,0,0,0,0,0,0,0,0,0,31.22,0.0,34.48,108.23,12.76,0.0,0.0,0.0,0.0,0.0,0.0,3.52,23.75,0.0,0.0,39.51,29.67,0.0,0.0,0.0,0.0,0.0,0.0,54.82,0.0,4.48,0.0,0.0,0.0,0.0,0.0,0.0,0.0,111.78,0.0,0.0,0.0,0.0,0.0,0.0,9.23,0.0,0,0,0,0,0,0,0,0,0,0,0,0,0,0,0,0,0,0,1,0,0,12,1,0,1,0,8,0,0,0,0,11,1,0,2,0,0,0,0,0,0,1,0,0,0,1,0,0,0,1,0,0,0,0,0,0,0,0,1,0,0,0,0,0,0,0,0,0,0,0,0,0,0,0,0,0,0,0,31.22,34.48,3.52,0.0,0.0,0.0,0.0,0,26,2,13,0,0,0,0,0,29,12,9,80
0.0,0.0,426.27,313.42,0.0,0.0,0.0,389.74,0.0,317.05,0.0,0.0,0.0,0.0,0.0,0.0,0.0,0.0,0.0,0.0,0.0,0.0,0.0,0.0,0.0,0.0,0.0,0,0,0,0,0,3,0,0,0,0,0,1,0,0,2,0,1,0,0,0,0,0,0,0,0,0,0,0,0,0,0,0,0,0,0,0,0,317.05,0.0,0.0,0.0,7,0,0,0,317.05,0.0,7,0,0.0,0.0,426.27,313.42,0.0,0.0,0.0,389.74,0.0,317.05,0.0,0.0,0.0,0.0,0.0,0.0,0.0,0.0,0.0,0.0,0.0,0.0,0.0,0.0,0.0,0.0,0.0,0.0,0.0,0.0,0.0,0.0,0.0,0.0,0.0,0.0,0.0,0.0,0.0,0.0,0.0,0.0,0.0,0.0,0.0,0.0,0.0,0.0,0.0,0.0,0.0,0.0,0,0,0,0,0,0,0,0,0,0,0,0,0,0,0,0,0,0,0,0,0,0,0,0,0,0,0,0,0,0,0,0,0,0,0,0,0,0,0,0,0,0,0,0,0,0,0,0,0,0,0,0,0,0,0,0,0,0,0,0,0,0,3,0,0,0,0,0,1,0,0,0,0,2,0,1,0,0,0,0,0,0,0,0,0,0,0,0,0,0,0,0,0,0,0,0,0,0,0,0,0,0,0,0,0,0,0,0,0,0,0,0,0,0,0,0,0,0,0,0,0,0,0,0,0,0,0,0,0,0,0,0,0,0,0,0,0,0,0,0,0,0,0,0,0,0,0,0,0,0,0,0,0,0,0,0,0,0,0,0,0,0,0,0,0,0,0,0,0,0,0,0,0,0,0,0,0.0,0.0,426.27,313.42,0.0,0.0,0.0,389.74,0.0,317.05,0.0,0.0,0.0,0.0,0.0,0.0,0.0,0.0,0.0,0.0,0.0,0.0,0.0,0.0,0.0,0.0,0.0,0.0,0.0,0.0,0.0,0.0,0.0,0.0,0.0,0.0,0.0,0.0,0.0,0.0,0.0,0.0,0,0,0,0,0,0,0,0,0,0,0,0,0,0,0,0,0,0,3,0,0,0,0,0,1,0,0,2,0,1,0,0,0,0,0,0,0,0,0,0,0,0,0,0,0,0,0,0,0,0,0,0,0,0,0,0,0,0,0,0,0,0,0,0,0,0,0,0,0,0,0,0,0,0,0,0,0,0,317.05,0.0,0.0,0.0,0.0,0.0,0.0,0,7,0,0,0,0,0,0,0,6,1,1,81
11.79,0.0,78.39,27.43,0.0,0.0,10.73,65.87,2.34,0.35,0.0,0.0,196.81,0.0,8.89,14.49,14.34,0.0,7.76,182.2,0.0,0.0,0.0,0.0,0.0,0.0,0.0,0,0,0,0,0,9,7,0,50,0,0,2,53,0,15,0,21,1,1,0,1,0,8,2,12,0,0,0,0,0,0,0,0,0,0,0,0,18.75,2.34,0.0,0.0,83,99,0,0,2.34,0.35,168,14,18.75,0.0,78.39,27.43,0.0,0.0,38.3,65.87,2.34,10.23,0.0,0.35,0.0,0.0,0.0,8.89,0.0,11.16,0.0,196.81,11.79,7.76,0.0,14.49,0.0,0.0,0.0,0.0,10.73,182.2,14.34,0.0,0.0,0.0,0.0,0.0,0.0,0.0,0.0,0.0,0.0,0.0,0.0,0.0,0.0,0.0,0.0,0.0,0.0,0.0,0.0,0.0,0,0,0,0,0,0,0,0,0,0,0,0,0,0,0,0,0,0,0,0,0,0,0,0,0,0,0,0,0,0,0,0,0,0,0,0,0,0,0,0,0,0,0,0,0,0,0,0,0,0,0,0,0,0,0,0,0,0,0,0,0,0,9,5,0,35,0,0,2,53,8,0,0,7,0,21,0,1,0,0,2,2,15,1,0,0,1,0,0,0,2,6,0,12,0,0,0,0,0,0,0,0,0,0,0,0,0,0,0,0,0,0,0,0,0,0,0,0,0,0,0,0,0,0,0,0,0,0,0,0,0,0,0,0,0,0,0,0,0,0,0,0,0,0,0,0,0,0,0,0,0,0,0,0,0,0,0,0,0,0,0,0,0,0,0,0,0,0,0,0,0,0,0,0,0,0,11.79,0.0,78.39,27.43,0.0,0.0,10.73,65.87,2.34,10.23,0.0,0.35,0.0,196.81,0.0,8.89,14.49,14.34,0.0,7.76,182.2,0.0,58.58,0.0,0.0,0.0,0.0,0.0,0.0,0.0,0.0,0.0,0.0,0.0,0.0,0.0,0.0,3.33,0.0,0.0,0.0,38.87,0,0,0,0,0,0,0,0,0,0,0,0,0,0,0,0,0,0,5,6,0,49,0,0,2,53,0,7,0,21,1,8,1,0,1,0,8,2,12,4,0,0,0,0,0,0,0,0,0,0,0,0,0,0,1,0,0,0,0,1,0,0,0,0,0,0,0,0,0,0,0,0,0,0,0,0,0,0,18.75,2.34,0.35,0.0,58.58,0.0,0.0,0,78,90,9,0,5,0,0,0,118,64,8,82
12.99,0.0,0.0,0.0,0.0,0.0,13.4,0.0,0.0,10.47,0.0,23.22,0.0,0.0,7.54,8.54,0.0,0.0,0.0,0.0,0.0,162.91,0.0,0.0,0.0,0.0,0.0,0,0,0,0,0,0,6,0,17,0,0,0,0,4,1,0,0,0,1,0,3,0,0,0,0,0,3,0,0,0,0,0,0,0,0,0,0,162.91,0.0,135.39,0.0,34,0,1,0,162.91,0.0,35,0,12.99,0.0,0.0,0.0,0.0,0.0,13.4,0.0,0.0,10.47,0.0,0.0,23.22,0.0,0.0,7.54,8.54,0.0,0.0,0.0,0.0,0.0,0.0,0.0,0.0,162.91,0.0,0.0,0.0,0.0,0.0,0.0,0.0,0.0,0.0,0.0,0.0,0.0,135.39,0.0,0.0,0.0,0.0,0.0,0.0,0.0,0.0,0.0,0.0,0.0,0.0,0.0,0,0,0,0,0,0,0,0,0,0,0,0,0,0,0,0,0,0,0,0,0,0,0,0,0,0,0,0,0,0,0,0,0,0,0,0,0,0,0,0,0,0,0,0,0,0,0,0,0,0,0,0,0,0,0,0,0,0,0,0,0,0,0,5,0,17,0,0,0,0,0,0,4,1,0,0,1,3,0,0,0,0,0,0,0,0,0,3,0,0,0,0,0,0,0,0,0,0,0,0,1,0,0,0,0,0,0,0,0,0,0,0,0,0,0,0,0,0,0,0,0,0,0,0,0,0,0,0,0,0,0,0,0,0,0,0,0,0,0,0,0,0,0,0,0,0,0,0,0,0,0,0,0,0,0,0,0,0,0,0,0,0,0,0,0,0,0,0,0,0,0,0,0,0,0,0,12.99,0.0,0.0,0.0,0.0,0.0,13.4,0.0,0.0,10.47,0.0,0.0,23.22,0.0,0.0,7.54,8.54,0.0,0.0,0.0,0.0,0.0,0.0,162.91,0.0,0.0,0.0,0.0,0.0,0.0,0.0,0.0,0.0,0.0,0.0,0.0,0.0,0.0,0.0,0.0,0.0,0.0,0,0,0,0,0,0,0,0,0,0,0,0,0,0,0,0,0,0,0,6,0,17,0,0,0,0,4,1,0,0,0,0,1,0,3,0,0,0,0,0,0,3,0,0,0,0,0,0,0,0,0,0,0,0,0,0,0,0,0,0,0,0,0,0,0,0,0,0,0,0,0,0,0,0,0,0,0,0,162.91,0.0,0.0,135.39,0.0,0.0,0.0,0,34,0,0,1,0,0,0,0,23,12,1,83
0.0,0.0,0.0,0.0,0.0,0.0,311.09,350.77,0.0,0.0,0.0,0.0,0.0,0.0,0.0,0.0,0.0,0.0,0.0,0.0,0.0,0.0,0.0,0.0,0.0,0.0,0.0,0,0,0,0,0,0,1,0,0,0,0,0,0,0,0,0,1,0,0,0,0,0,0,0,0,0,0,0,0,0,0,0,0,0,0,0,0,350.77,0.0,311.09,0.0,1,0,1,0,350.77,0.0,2,0,0.0,0.0,0.0,0.0,0.0,0.0,0.0,350.77,0.0,0.0,0.0,0.0,0.0,0.0,0.0,0.0,0.0,0.0,0.0,0.0,0.0,0.0,0.0,0.0,0.0,0.0,0.0,0.0,0.0,0.0,0.0,0.0,0.0,0.0,0.0,0.0,0.0,0.0,311.09,0.0,0.0,0.0,0.0,0.0,0.0,0.0,0.0,0.0,0.0,0.0,0.0,0.0,0,0,0,0,0,0,0,0,0,0,0,0,0,0,0,0,0,0,0,0,0,0,0,0,0,0,0,0,0,0,0,0,0,0,0,0,0,0,0,0,0,0,0,0,0,0,0,0,0,0,0,0,0,0,0,0,0,0,0,0,0,0,0,0,0,0,0,0,0,0,0,0,0,0,0,1,0,0,0,0,0,0,0,0,0,0,0,0,0,0,0,0,0,0,0,0,0,0,0,0,1,0,0,0,0,0,0,0,0,0,0,0,0,0,0,0,0,0,0,0,0,0,0,0,0,0,0,0,0,0,0,0,0,0,0,0,0,0,0,0,0,0,0,0,0,0,0,0,0,0,0,0,0,0,0,0,0,0,0,0,0,0,0,0,0,0,0,0,0,0,0,0,0,0,0,0,0.0,0.0,0.0,0.0,0.0,0.0,311.09,350.77,0.0,0.0,0.0,0.0,0.0,0.0,0.0,0.0,0.0,0.0,0.0,0.0,0.0,0.0,0.0,0.0,0.0,0.0,0.0,0.0,0.0,0.0,0.0,0.0,0.0,0.0,0.0,0.0,0.0,0.0,0.0,0.0,0.0,0.0,0,0,0,0,0,0,0,0,0,0,0,0,0,0,0,0,0,0,0,1,0,0,0,0,0,0,0,0,0,1,0,0,0,0,0,0,0,0,0,0,0,0,0,0,0,0,0,0,0,0,0,0,0,0,0,0,0,0,0,0,0,0,0,0,0,0,0,0,0,0,0,0,0,0,0,0,0,0,350.77,0.0,0.0,311.09,0.0,0.0,0.0,0,1,0,0,1,0,0,0,0,2,0,1,86
9.37,0.0,0.0,0.0,0.0,0.0,0.0,14.46,0.0,35.09,0.0,0.0,0.0,0.0,0.0,0.0,0.0,0.0,0.0,0.0,0.0,0.0,0.0,35.47,0.0,0.0,0.0,0,0,0,0,0,0,0,0,2,0,0,0,0,0,1,0,1,0,0,0,0,0,0,0,0,0,0,0,1,0,0,0,0,0,0,0,0,35.47,0.0,0.0,0.0,5,0,0,0,35.47,0.0,5,0,9.37,0.0,0.0,0.0,0.0,0.0,0.0,14.46,0.0,35.09,0.0,0.0,0.0,0.0,0.0,0.0,0.0,0.0,0.0,0.0,0.0,0.0,0.0,0.0,0.0,0.0,0.0,0.0,0.0,0.0,0.0,0.0,0.0,0.0,0.0,0.0,0.0,0.0,0.0,0.0,35.47,0.0,0.0,0.0,0.0,0.0,0.0,0.0,0.0,0.0,0.0,0.0,0,0,0,0,0,0,0,0,0,0,0,0,0,0,0,0,0,0,0,0,0,0,0,0,0,0,0,0,0,0,0,0,0,0,0,0,0,0,0,0,0,0,0,0,0,0,0,0,0,0,0,0,0,0,0,0,0,0,0,0,0,0,0,0,0,2,0,0,0,0,0,0,0,1,0,1,0,0,0,0,0,0,0,0,0,0,0,0,0,0,0,0,0,0,0,0,0,0,0,0,0,0,0,0,1,0,0,0,0,0,0,0,0,0,0,0,0,0,0,0,0,0,0,0,0,0,0,0,0,0,0,0,0,0,0,0,0,0,0,0,0,0,0,0,0,0,0,0,0,0,0,0,0,0,0,0,0,0,0,0,0,0,0,0,0,0,0,0,0,0,0,0,0,0,0,0,9.37,0.0,0.0,0.0,0.0,0.0,0.0,14.46,0.0,35.09,0.0,0.0,0.0,0.0,0.0,0.0,0.0,0.0,0.0,0.0,0.0,0.0,0.0,0.0,0.0,0.0,0.0,0.0,35.47,0.0,0.0,0.0,0.0,0.0,0.0,0.0,0.0,0.0,0.0,0.0,0.0,0.0,0,0,0,0,0,0,0,0,0,0,0,0,0,0,0,0,0,0,0,0,0,2,0,0,0,0,0,1,0,1,0,0,0,0,0,0,0,0,0,0,0,0,0,0,0,0,1,0,0,0,0,0,0,0,0,0,0,0,0,0,0,0,0,0,0,0,0,0,0,0,0,0,0,0,0,0,0,0,35.47,0.0,0.0,0.0,0.0,0.0,0.0,0,5,0,0,0,0,0,0,0,3,2,1,87
21.83,0.0,31.13,40.82,10.54,0.0,42.8,10.4,0.0,11.94,0.0,25.39,0.0,0.0,22.59,0.0,0.0,0.0,0.0,0.0,0.0,0.0,0.0,24.57,13.16,0.0,0.0,0,0,0,0,0,6,3,0,3,2,0,1,0,22,4,0,3,0,0,0,3,0,0,0,0,0,0,0,1,0,1,0,0,0,0,0,0,25.39,8.09,0.0,0.0,44,5,0,0,25.39,8.38,48,1,21.83,0.0,31.13,40.82,10.54,0.0,9.82,10.4,0.0,11.94,0.0,0.0,25.39,0.0,0.0,22.59,0.0,0.0,0.0,0.0,0.0,0.0,0.0,0.0,0.0,0.0,0.0,0.0,42.8,0.0,0.0,8.09,0.0,0.0,0.0,0.0,24.57,0.0,0.0,0.0,0.0,13.16,0.0,0.0,0.0,0.0,0.0,0.0,0.0,0.0,0.0,11.38,0,0,0,0,0,0,0,0,0,0,0,0,0,0,0,0,0,0,0,0,0,0,0,0,0,0,0,0,0,0,0,0,0,0,0,0,0,0,0,0,0,0,0,0,0,0,0,0,0,0,0,0,0,0,0,0,0,0,0,0,0,0,6,1,0,3,1,0,1,0,0,0,22,4,0,2,0,3,0,0,0,0,0,0,0,0,0,0,0,0,2,0,1,0,0,0,0,0,1,0,0,0,0,1,0,0,0,0,0,0,0,0,0,1,0,0,0,0,0,0,0,0,0,0,0,0,0,0,0,0,0,0,0,0,0,0,0,0,0,0,0,0,0,0,0,0,0,0,0,0,0,0,0,0,0,0,0,0,0,0,0,0,0,0,0,0,0,0,0,0,0,0,0,0,0,0,21.83,0.0,31.13,40.82,10.54,0.0,42.8,10.4,0.0,11.94,0.0,0.0,25.39,0.0,0.0,22.59,0.0,0.0,0.0,0.0,0.0,0.0,0.0,0.0,0.0,0.0,0.0,0.0,24.57,0.0,0.0,0.0,0.0,0.0,0.0,13.16,0.0,0.0,0.0,0.0,0.0,8.38,0,0,0,0,0,0,0,0,0,0,0,0,0,0,0,0,0,0,6,3,0,2,2,0,1,0,22,4,0,3,0,0,0,0,3,0,0,0,0,0,0,0,0,0,0,0,1,0,0,0,0,0,0,1,0,0,0,0,0,1,0,0,0,0,0,0,0,0,0,0,0,0,0,0,0,0,0,0,25.39,8.09,0.0,0.0,8.38,0.0,0.0,0,43,5,0,0,1,0,0,0,19,30,7,88
21.24,0.0,13.58,5.84,0.0,0.0,14.17,16.39,0.0,5.67,0.0,14.28,0.0,0.0,0.0,0.0,0.0,0.0,0.0,0.0,0.0,0.0,0.0,0.0,0.0,0.0,0.0,0,0,0,0,0,9,21,0,15,0,0,1,0,1,1,0,1,0,0,0,0,0,0,0,0,0,0,0,0,0,0,0,0,0,0,0,0,5.84,35.65,0.0,13.61,39,8,0,2,5.84,0.0,49,0,21.24,0.0,13.58,5.84,0.0,0.0,14.17,16.39,0.0,5.67,0.0,0.0,14.28,0.0,0.0,0.0,0.0,0.0,0.0,0.0,9.53,0.0,0.0,0.0,0.0,0.0,0.0,0.0,35.65,0.0,0.0,0.0,0.0,13.61,0.0,0.0,0.0,0.0,0.0,0.0,0.0,0.0,0.0,0.0,0.0,0.0,0.0,0.0,0.0,0.0,0.0,0.0,0,0,0,0,0,0,0,0,0,0,0,0,0,0,0,0,0,0,0,0,0,0,0,0,0,0,0,0,0,0,0,0,0,0,0,0,0,0,0,0,0,0,0,0,0,0,0,0,0,0,0,0,0,0,0,0,0,0,0,0,0,0,9,13,0,13,0,0,1,0,0,0,1,1,0,1,0,0,0,0,0,0,2,0,0,0,0,0,0,0,6,0,0,0,0,2,0,0,0,0,0,0,0,0,0,0,0,0,0,0,0,0,0,0,0,0,0,0,0,0,0,0,0,0,0,0,0,0,0,0,0,0,0,0,0,0,0,0,0,0,0,0,0,0,0,0,0,0,0,0,0,0,0,0,0,0,0,0,0,0,0,0,0,0,0,0,0,0,0,0,0,0,0,0,0,0,21.24,0.0,13.58,5.84,0.0,0.0,14.17,16.39,0.0,5.67,0.0,0.0,14.28,0.0,0.0,0.0,0.0,0.0,0.0,0.0,0.0,0.0,0.0,0.0,0.0,0.0,0.0,0.0,0.0,0.0,0.0,0.0,0.0,0.0,0.0,0.0,0.0,0.0,0.0,0.0,0.0,0.0,0,0,0,0,0,0,0,0,0,0,0,0,0,0,0,0,0,0,9,21,0,15,0,0,1,0,1,1,0,1,0,0,0,0,0,0,0,0,0,0,0,0,0,0,0,0,0,0,0,0,0,0,0,0,0,0,0,0,0,0,0,0,0,0,0,0,0,0,0,0,0,0,0,0,0,0,0,0,5.84,35.65,0.0,0.0,0.0,13.61,0.0,0,39,8,0,0,0,2,0,0,28,21,1,89
0.0,0.0,0.0,0.0,0.0,0.0,62.0,0.0,0.0,9.93,0.0,0.0,0.0,0.0,12.5,0.0,56.34,0.0,0.0,0.0,187.03,0.0,0.0,0.0,0.0,0.0,0.0,0,0,0,0,0,0,26,0,0,0,0,0,0,0,9,0,0,0,0,0,1,0,10,0,0,112,0,0,0,0,0,0,0,0,0,0,0,12.5,187.03,0.0,9.34,1,156,0,1,12.5,187.03,1,157,0.0,0.0,0.0,0.0,0.0,0.0,0.0,0.0,0.0,0.0,0.0,9.93,0.0,0.0,0.0,12.5,0.0,0.0,0.0,0.0,0.0,0.0,0.0,0.0,187.03,0.0,0.0,0.0,62.0,0.0,56.34,0.0,0.0,0.0,0.0,0.0,0.0,0.0,0.0,0.0,0.0,0.0,0.0,0.0,0.0,0.0,0.0,0.0,0.0,9.34,0.0,0.0,0,0,0,0,0,0,0,0,0,0,0,0,0,0,0,0,0,0,0,0,0,0,0,0,0,0,0,0,0,0,0,0,0,0,0,0,0,0,0,0,0,0,0,0,0,0,0,0,0,0,0,0,0,0,0,0,0,0,0,0,0,0,0,0,0,0,0,0,0,0,8,0,0,0,0,0,0,1,0,0,0,0,0,0,0,112,0,0,0,0,26,10,0,0,0,0,0,0,0,0,0,0,0,0,0,0,0,0,0,0,0,1,0,0,0,0,0,0,0,0,0,0,0,0,0,0,0,0,0,0,0,0,0,0,0,0,0,0,0,0,0,0,0,0,0,0,0,0,0,0,0,0,0,0,0,0,0,0,0,0,0,0,0,0,0,0,0,0,0,0,0,0,0,0,0,0,0.0,0.0,0.0,0.0,0.0,0.0,0.0,0.0,0.0,0.0,0.0,9.93,0.0,0.0,0.0,12.5,0.0,0.0,0.0,0.0,0.0,187.03,0.0,0.0,0.0,0.0,0.0,0.0,0.0,0.0,0.0,0.0,0.0,0.0,0.0,0.0,0.0,62.0,56.34,0.0,0.0,0.0,0,0,0,0,0,0,0,0,0,0,0,0,0,0,0,0,0,0,0,0,0,0,0,0,0,0,0,0,0,0,0,9,0,0,1,0,0,0,0,0,112,0,0,0,0,0,0,0,0,0,0,0,0,0,26,10,0,0,0,0,0,0,0,0,0,0,0,0,0,0,0,0,0,0,0,0,0,0,12.5,0.0,187.03,0.0,0.0,0.0,9.34,0,1,0,156,0,0,0,1,0,124,34,2,95
0.0,0.0,0.0,0.0,0.0,0.0,315.36,0.0,0.0,0.0,0.0,0.0,10.43,0.0,0.0,0.0,0.0,0.0,318.14,0.0,0.0,0.0,0.0,0.0,0.0,0.0,0.0,0,0,0,0,0,0,1,0,0,0,0,0,0,0,0,0,0,1,0,0,0,0,0,1,0,0,0,0,0,0,0,0,0,0,0,0,0,0.0,10.43,315.36,0.0,0,2,1,0,10.43,0.0,3,0,0.0,0.0,0.0,0.0,0.0,0.0,0.0,0.0,0.0,0.0,0.0,0.0,0.0,10.43,0.0,0.0,0.0,0.0,0.0,0.0,0.0,318.14,0.0,0.0,0.0,0.0,0.0,0.0,0.0,0.0,0.0,0.0,0.0,0.0,0.0,0.0,0.0,0.0,315.36,0.0,0.0,0.0,0.0,0.0,0.0,0.0,0.0,0.0,0.0,0.0,0.0,0.0,0,0,0,0,0,0,0,0,0,0,0,0,0,0,0,0,0,0,0,0,0,0,0,0,0,0,0,0,0,0,0,0,0,0,0,0,0,0,0,0,0,0,0,0,0,0,0,0,0,0,0,0,0,0,0,0,0,0,0,0,0,0,0,0,0,0,0,0,0,0,0,1,0,0,0,0,0,0,0,0,0,1,0,0,0,0,0,0,0,0,0,0,0,0,0,0,0,0,0,0,1,0,0,0,0,0,0,0,0,0,0,0,0,0,0,0,0,0,0,0,0,0,0,0,0,0,0,0,0,0,0,0,0,0,0,0,0,0,0,0,0,0,0,0,0,0,0,0,0,0,0,0,0,0,0,0,0,0,0,0,0,0,0,0,0,0,0,0,0,0,0,0,0,0,0,0,0.0,0.0,0.0,0.0,0.0,0.0,315.36,0.0,0.0,0.0,0.0,0.0,0.0,10.43,0.0,0.0,0.0,0.0,0.0,318.14,0.0,0.0,0.0,0.0,0.0,0.0,0.0,0.0,0.0,0.0,0.0,0.0,0.0,0.0,0.0,0.0,0.0,0.0,0.0,0.0,0.0,0.0,0,0,0,0,0,0,0,0,0,0,0,0,0,0,0,0,0,0,0,1,0,0,0,0,0,0,0,0,0,0,1,0,0,0,0,0,0,1,0,0,0,0,0,0,0,0,0,0,0,0,0,0,0,0,0,0,0,0,0,0,0,0,0,0,0,0,0,0,0,0,0,0,0,0,0,0,0,0,0.0,10.43,0.0,315.36,0.0,0.0,0.0,0,0,2,0,1,0,0,0,0,3,0,1,96
10.25,0.0,0.0,0.0,24.53,0.0,0.0,13.35,0.0,0.0,0.0,10.46,0.0,0.0,16.12,0.0,10.97,0.0,0.0,0.0,0.0,11.76,0.0,0.0,20.78,0.0,0.0,0,0,0,0,0,0,0,0,1,1,0,0,0,8,0,0,6,0,0,0,1,0,1,0,0,0,4,0,0,0,8,0,0,0,0,0,0,10.46,0.0,0.0,0.0,30,0,0,0,10.46,0.0,30,0,10.25,0.0,0.0,0.0,24.53,0.0,0.0,13.35,0.0,0.0,0.0,0.0,10.46,0.0,0.0,16.12,0.0,10.97,0.0,0.0,0.0,0.0,0.0,0.0,0.0,11.76,0.0,0.0,0.0,0.0,0.0,0.0,0.0,0.0,0.0,0.0,0.0,0.0,0.0,0.0,0.0,20.78,0.0,0.0,0.0,0.0,0.0,0.0,0.0,0.0,0.0,0.0,0,0,0,0,0,0,0,0,0,0,0,0,0,0,0,0,0,0,0,0,0,0,0,0,0,0,0,0,0,0,0,0,0,0,0,0,0,0,0,0,0,0,0,0,0,0,0,0,0,0,0,0,0,0,0,0,0,0,0,0,0,0,0,0,0,1,1,0,0,0,0,0,8,0,0,6,0,1,0,0,1,0,0,0,0,0,0,4,0,0,0,0,0,0,0,0,0,0,0,0,0,0,0,8,0,0,0,0,0,0,0,0,0,0,0,0,0,0,0,0,0,0,0,0,0,0,0,0,0,0,0,0,0,0,0,0,0,0,0,0,0,0,0,0,0,0,0,0,0,0,0,0,0,0,0,0,0,0,0,0,0,0,0,0,0,0,0,0,0,0,0,0,0,0,0,0,10.25,0.0,0.0,0.0,24.53,0.0,0.0,13.35,0.0,0.0,0.0,0.0,10.46,0.0,0.0,16.12,0.0,10.97,0.0,0.0,0.0,0.0,0.0,11.76,0.0,0.0,0.0,0.0,0.0,0.0,0.0,0.0,0.0,0.0,0.0,20.78,0.0,0.0,0.0,0.0,0.0,0.0,0,0,0,0,0,0,0,0,0,0,0,0,0,0,0,0,0,0,0,0,0,1,1,0,0,0,8,0,0,6,0,0,0,0,1,0,1,0,0,0,0,4,0,0,0,0,0,0,0,0,0,0,0,8,0,0,0,0,0,0,0,0,0,0,0,0,0,0,0,0,0,0,0,0,0,0,0,0,10.46,0.0,0.0,0.0,0.0,0.0,0.0,0,30,0,0,0,0,0,0,0,20,10,7,99
